layer,code,name,cdk_id,type,clear_name,node_type
gtfs,BOS-ADA,5 ferry BOS-ADA,gtfs.line.5.bosada-1,ferry,,ptline
gtfs,KBT_KDY-ADA,5 ferry KBT_KDY-ADA,gtfs.line.5.kbt_kdyada-1,ferry,,ptline
gtfs,BOS-ADA,5 ferry BOS-ADA,gtfs.line.5.bosada-0,ferry,,ptline
gtfs,KBT-KDY-ADA,5 ferry KBT-KDY-ADA,gtfs.line.5.kbtkdyada-1,ferry,,ptline
gtfs,KBT-KDY-ADA,5 ferry KBT-KDY-ADA,gtfs.line.5.kbtkdyada-0,ferry,,ptline
gtfs,,5 ferry EMN - AKV,gtfs.line.5.emnakv-1,ferry,EMN - AKV,ptline
gtfs,,5 ferry EMN - AKV,gtfs.line.5.emnakv-0,ferry,EMN - AKV,ptline
gtfs,,5 ferry BYK - EMN,gtfs.line.5.bykemn-1,ferry,BYK - EMN,ptline
gtfs,,5 ferry EMN - AHS,gtfs.line.5.emnahs-0,ferry,EMN - AHS,ptline
gtfs,,5 ferry EMN - CNG,gtfs.line.5.emncng-0,ferry,EMN - CNG,ptline
gtfs,,5 ferry EMN - BYK,gtfs.line.5.emnbyk-0,ferry,EMN - BYK,ptline
gtfs,,5 ferry EMR - CNG,gtfs.line.5.emrcng-1,ferry,EMR - CNG,ptline
gtfs,,5 ferry KBT - BYK,gtfs.line.5.kbtbyk-0,ferry,KBT - BYK,ptline
gtfs,,5 ferry ARN - EMN,gtfs.line.5.arnemn-1,ferry,ARN - EMN,ptline
gtfs,,5 ferry AHS - EMN,gtfs.line.5.ahsemn-1,ferry,AHS - EMN,ptline
gtfs,,5 ferry CNG - EMN,gtfs.line.5.cngemn-1,ferry,CNG - EMN,ptline
gtfs,,5 ferry CNG - IST,gtfs.line.5.cngist-1,ferry,CNG - IST,ptline
gtfs,EMN-BYK,5 ferry EMN-BYK,gtfs.line.5.emnbyk-1,ferry,,ptline
gtfs,CNG-IST,5 ferry CNG-IST,gtfs.line.5.cngist-0,ferry,,ptline
gtfs,SRY-AKV,5 ferry SRY-AKV,gtfs.line.5.sryakv-1,ferry,,ptline
gtfs,SRY-AKV,5 ferry SRY-AKV,gtfs.line.5.sryakv-0,ferry,,ptline
gtfs,KCS-IST,5 ferry KCS-IST,gtfs.line.5.kcsist-0,ferry,,ptline
gtfs,KCS-BSK,5 ferry KCS-BSK,gtfs.line.5.kcsbsk-1,ferry,,ptline
gtfs,KRK-HYD,5 ferry KRK-HYD,gtfs.line.5.krkhyd-1,ferry,,ptline
gtfs,KRK-KDY,5 ferry KRK-KDY,gtfs.line.5.krkkdy-0,ferry,,ptline
gtfs,KDY-EMN,5 ferry KDY-EMN,gtfs.line.5.kdyemn-1,ferry,,ptline
gtfs,HLC,5 ferry HLC,gtfs.line.5.hlc-1,ferry,,ptline
gtfs,HLC,5 ferry HLC,gtfs.line.5.hlc-0,ferry,,ptline
gtfs,KDY-BSK,5 ferry KDY-BSK,gtfs.line.5.kdybsk-1,ferry,,ptline
gtfs,KDY-BSK,5 ferry KDY-BSK,gtfs.line.5.kdybsk-0,ferry,,ptline
gtfs,USK-BSK,5 ferry USK-BSK,gtfs.line.5.uskbsk-1,ferry,,ptline
gtfs,USK-BSK,5 ferry USK-BSK,gtfs.line.5.uskbsk-0,ferry,,ptline
gtfs,USK-EMN,5 ferry USK-EMN,gtfs.line.5.uskemn-1,ferry,,ptline
gtfs,USK-EMN,5 ferry USK-EMN,gtfs.line.5.uskemn-0,ferry,,ptline
gtfs,KRK-HYD,5 ferry KRK-HYD,gtfs.line.5.krkhyd-0,ferry,,ptline
gtfs,KRK-KDY,5 ferry KRK-KDY,gtfs.line.5.krkkdy-1,ferry,,ptline
gtfs,KDY-EMN,5 ferry KDY-EMN,gtfs.line.5.kdyemn-0,ferry,,ptline
gtfs,34Z,1 tram 34Z,gtfs.line.1.34z-1,tram,,ptline
gtfs,34Z,1 tram 34Z,gtfs.line.1.34z-0,tram,,ptline
gtfs,34T,1 tram 34T,gtfs.line.1.34t-1,tram,,ptline
gtfs,34T,1 tram 34T,gtfs.line.1.34t-0,tram,,ptline
gtfs,34G,1 tram 34G,gtfs.line.1.34g-1,tram,,ptline
gtfs,34G,1 tram 34G,gtfs.line.1.34g-0,tram,,ptline
gtfs,34C,1 tram 34C,gtfs.line.1.34c-1,tram,,ptline
gtfs,34C,1 tram 34C,gtfs.line.1.34c-0,tram,,ptline
gtfs,34B,1 tram 34B,gtfs.line.1.34b-1,tram,,ptline
gtfs,34B,1 tram 34B,gtfs.line.1.34b-0,tram,,ptline
gtfs,34A,1 tram 34A,gtfs.line.1.34a-1,tram,,ptline
gtfs,34A,1 tram 34A,gtfs.line.1.34a-0,tram,,ptline
gtfs,34,1 tram 34,gtfs.line.1.34-1,tram,,ptline
gtfs,34,1 tram 34,gtfs.line.1.34-0,tram,,ptline
gtfs,TB2,1 bus TB2,gtfs.line.1.tb2-0,bus,,ptline
gtfs,TB1,1 bus TB1,gtfs.line.1.tb1-0,bus,,ptline
gtfs,T1,1 bus T1,gtfs.line.1.t1-0,bus,,ptline
gtfs,SG-2,1 bus SG-2,gtfs.line.1.sg2-1,bus,,ptline
gtfs,SG-2,1 bus SG-2,gtfs.line.1.sg2-0,bus,,ptline
gtfs,SG-1,1 bus SG-1,gtfs.line.1.sg1-1,bus,,ptline
gtfs,SG-1,1 bus SG-1,gtfs.line.1.sg1-0,bus,,ptline
gtfs,HT5,1 bus HT5,gtfs.line.1.ht5-0,bus,,ptline
gtfs,HT48,1 bus HT48,gtfs.line.1.ht48-1,bus,,ptline
gtfs,HT48,1 bus HT48,gtfs.line.1.ht48-0,bus,,ptline
gtfs,HT29,1 bus HT29,gtfs.line.1.ht29-1,bus,,ptline
gtfs,HT29,1 bus HT29,gtfs.line.1.ht29-0,bus,,ptline
gtfs,HT20,1 bus HT20,gtfs.line.1.ht20-1,bus,,ptline
gtfs,HT20,1 bus HT20,gtfs.line.1.ht20-0,bus,,ptline
gtfs,HT2,1 bus HT2,gtfs.line.1.ht2-1,bus,,ptline
gtfs,HT2,1 bus HT2,gtfs.line.1.ht2-0,bus,,ptline
gtfs,HT18,1 bus HT18,gtfs.line.1.ht18-1,bus,,ptline
gtfs,HT18,1 bus HT18,gtfs.line.1.ht18-0,bus,,ptline
gtfs,HT12,1 bus HT12,gtfs.line.1.ht12-1,bus,,ptline
gtfs,HT12,1 bus HT12,gtfs.line.1.ht12-0,bus,,ptline
gtfs,HT11,1 bus HT11,gtfs.line.1.ht11-1,bus,,ptline
gtfs,HT11,1 bus HT11,gtfs.line.1.ht11-0,bus,,ptline
gtfs,GZ2,1 bus GZ2,gtfs.line.1.gz2-0,bus,,ptline
gtfs,GZ1,1 bus GZ1,gtfs.line.1.gz1-0,bus,,ptline
gtfs,FB2,1 bus FB2,gtfs.line.1.fb2-0,bus,,ptline
gtfs,FB1,1 bus FB1,gtfs.line.1.fb1-0,bus,,ptline
gtfs,ER2,1 bus ER2,gtfs.line.1.er2-0,bus,,ptline
gtfs,ER1,1 bus ER1,gtfs.line.1.er1-0,bus,,ptline
gtfs,EM2,1 bus EM2,gtfs.line.1.em2-0,bus,,ptline
gtfs,EM1,1 bus EM1,gtfs.line.1.em1-0,bus,,ptline
gtfs,E-9,1 bus E-9,gtfs.line.1.e9-1,bus,,ptline
gtfs,E-9,1 bus E-9,gtfs.line.1.e9-0,bus,,ptline
gtfs,E-60,1 bus E-60,gtfs.line.1.e60-1,bus,,ptline
gtfs,E-60,1 bus E-60,gtfs.line.1.e60-0,bus,,ptline
gtfs,E-58,1 bus E-58,gtfs.line.1.e58-1,bus,,ptline
gtfs,E-58,1 bus E-58,gtfs.line.1.e58-0,bus,,ptline
gtfs,E-57,1 bus E-57,gtfs.line.1.e57-1,bus,,ptline
gtfs,E-57,1 bus E-57,gtfs.line.1.e57-0,bus,,ptline
gtfs,98İ,1 bus 98İ,gtfs.line.1.98-0,bus,,ptline
gtfs,98Y,1 bus 98Y,gtfs.line.1.98y-1,bus,,ptline
gtfs,98Y,1 bus 98Y,gtfs.line.1.98y-0,bus,,ptline
gtfs,98T,1 bus 98T,gtfs.line.1.98t-1,bus,,ptline
gtfs,98T,1 bus 98T,gtfs.line.1.98t-0,bus,,ptline
gtfs,98S,1 bus 98S,gtfs.line.1.98s-1,bus,,ptline
gtfs,98S,1 bus 98S,gtfs.line.1.98s-0,bus,,ptline
gtfs,98M,1 bus 98M,gtfs.line.1.98m-1,bus,,ptline
gtfs,98M,1 bus 98M,gtfs.line.1.98m-0,bus,,ptline
gtfs,98K,1 bus 98K,gtfs.line.1.98k-1,bus,,ptline
gtfs,98K,1 bus 98K,gtfs.line.1.98k-0,bus,,ptline
gtfs,98H,1 bus 98H,gtfs.line.1.98h-1,bus,,ptline
gtfs,98H,1 bus 98H,gtfs.line.1.98h-0,bus,,ptline
gtfs,98G,1 bus 98G,gtfs.line.1.98g-1,bus,,ptline
gtfs,98G,1 bus 98G,gtfs.line.1.98g-0,bus,,ptline
gtfs,98E,1 bus 98E,gtfs.line.1.98e-1,bus,,ptline
gtfs,98E,1 bus 98E,gtfs.line.1.98e-0,bus,,ptline
gtfs,98D,1 bus 98D,gtfs.line.1.98d-1,bus,,ptline
gtfs,98D,1 bus 98D,gtfs.line.1.98d-0,bus,,ptline
gtfs,98C,1 bus 98C,gtfs.line.1.98c-1,bus,,ptline
gtfs,98C,1 bus 98C,gtfs.line.1.98c-0,bus,,ptline
gtfs,98B,1 bus 98B,gtfs.line.1.98b-1,bus,,ptline
gtfs,97T,1 bus 97T,gtfs.line.1.97t-1,bus,,ptline
gtfs,97T,1 bus 97T,gtfs.line.1.97t-0,bus,,ptline
gtfs,97M,1 bus 97M,gtfs.line.1.97m-1,bus,,ptline
gtfs,97M,1 bus 97M,gtfs.line.1.97m-0,bus,,ptline
gtfs,97G,1 bus 97G,gtfs.line.1.97g-1,bus,,ptline
gtfs,97G,1 bus 97G,gtfs.line.1.97g-0,bus,,ptline
gtfs,97E,1 bus 97E,gtfs.line.1.97e-0,bus,,ptline
gtfs,97B,1 bus 97B,gtfs.line.1.97b-1,bus,,ptline
gtfs,97B,1 bus 97B,gtfs.line.1.97b-0,bus,,ptline
gtfs,97A,1 bus 97A,gtfs.line.1.97a-1,bus,,ptline
gtfs,97A,1 bus 97A,gtfs.line.1.97a-0,bus,,ptline
gtfs,97,1 bus 97,gtfs.line.1.97-1,bus,,ptline
gtfs,97,1 bus 97,gtfs.line.1.97-0,bus,,ptline
gtfs,96T,1 bus 96T,gtfs.line.1.96t-1,bus,,ptline
gtfs,96T,1 bus 96T,gtfs.line.1.96t-0,bus,,ptline
gtfs,94A,1 bus 94A,gtfs.line.1.94a-1,bus,,ptline
gtfs,94A,1 bus 94A,gtfs.line.1.94a-0,bus,,ptline
gtfs,94,1 bus 94,gtfs.line.1.94-1,bus,,ptline
gtfs,94,1 bus 94,gtfs.line.1.94-0,bus,,ptline
gtfs,93T,1 bus 93T,gtfs.line.1.93t-1,bus,,ptline
gtfs,93T,1 bus 93T,gtfs.line.1.93t-0,bus,,ptline
gtfs,93M,1 bus 93M,gtfs.line.1.93m-1,bus,,ptline
gtfs,93M,1 bus 93M,gtfs.line.1.93m-0,bus,,ptline
gtfs,93C,1 bus 93C,gtfs.line.1.93c-1,bus,,ptline
gtfs,93C,1 bus 93C,gtfs.line.1.93c-0,bus,,ptline
gtfs,93,1 bus 93,gtfs.line.1.93-1,bus,,ptline
gtfs,93,1 bus 93,gtfs.line.1.93-0,bus,,ptline
gtfs,92Ş,1 bus 92Ş,gtfs.line.1.92-1,bus,,ptline
gtfs,92Ş,1 bus 92Ş,gtfs.line.1.92-0,bus,,ptline
gtfs,92T,1 bus 92T,gtfs.line.1.92t-1,bus,,ptline
gtfs,92T,1 bus 92T,gtfs.line.1.92t-0,bus,,ptline
gtfs,92K,1 bus 92K,gtfs.line.1.92k-1,bus,,ptline
gtfs,92K,1 bus 92K,gtfs.line.1.92k-0,bus,,ptline
gtfs,92C,1 bus 92C,gtfs.line.1.92c-1,bus,,ptline
gtfs,92C,1 bus 92C,gtfs.line.1.92c-0,bus,,ptline
gtfs,91O,1 bus 91O,gtfs.line.1.91o-1,bus,,ptline
gtfs,91O,1 bus 91O,gtfs.line.1.91o-0,bus,,ptline
gtfs,91E,1 bus 91E,gtfs.line.1.91e-1,bus,,ptline
gtfs,91E,1 bus 91E,gtfs.line.1.91e-0,bus,,ptline
gtfs,90B,1 bus 90B,gtfs.line.1.90b-1,bus,,ptline
gtfs,90B,1 bus 90B,gtfs.line.1.90b-0,bus,,ptline
gtfs,90,1 bus 90,gtfs.line.1.90-1,bus,,ptline
gtfs,90,1 bus 90,gtfs.line.1.90-0,bus,,ptline
gtfs,8M,1 bus 8M,gtfs.line.1.8m-1,bus,,ptline
gtfs,8M,1 bus 8M,gtfs.line.1.8m-0,bus,,ptline
gtfs,8E,1 bus 8E,gtfs.line.1.8e-1,bus,,ptline
gtfs,8E,1 bus 8E,gtfs.line.1.8e-0,bus,,ptline
gtfs,8D,1 bus 8D,gtfs.line.1.8d-1,bus,,ptline
gtfs,8D,1 bus 8D,gtfs.line.1.8d-0,bus,,ptline
gtfs,8A,1 bus 8A,gtfs.line.1.8a-1,bus,,ptline
gtfs,8A,1 bus 8A,gtfs.line.1.8a-0,bus,,ptline
gtfs,89İ,1 bus 89İ,gtfs.line.1.89-1,bus,,ptline
gtfs,89İ,1 bus 89İ,gtfs.line.1.89-0,bus,,ptline
gtfs,89YB,1 bus 89YB,gtfs.line.1.89yb-1,bus,,ptline
gtfs,89YB,1 bus 89YB,gtfs.line.1.89yb-0,bus,,ptline
gtfs,89T,1 bus 89T,gtfs.line.1.89t-1,bus,,ptline
gtfs,89T,1 bus 89T,gtfs.line.1.89t-0,bus,,ptline
gtfs,89S,1 bus 89S,gtfs.line.1.89s-1,bus,,ptline
gtfs,89S,1 bus 89S,gtfs.line.1.89s-0,bus,,ptline
gtfs,89M,1 bus 89M,gtfs.line.1.89m-1,bus,,ptline
gtfs,89M,1 bus 89M,gtfs.line.1.89m-0,bus,,ptline
gtfs,89C,1 bus 89C,gtfs.line.1.89c-1,bus,,ptline
gtfs,89C,1 bus 89C,gtfs.line.1.89c-0,bus,,ptline
gtfs,89B,1 bus 89B,gtfs.line.1.89b-1,bus,,ptline
gtfs,89B,1 bus 89B,gtfs.line.1.89b-0,bus,,ptline
gtfs,89A,1 bus 89A,gtfs.line.1.89a-1,bus,,ptline
gtfs,89A,1 bus 89A,gtfs.line.1.89a-0,bus,,ptline
gtfs,88A,1 bus 88A,gtfs.line.1.88a-1,bus,,ptline
gtfs,87,1 bus 87,gtfs.line.1.87-1,bus,,ptline
gtfs,87,1 bus 87,gtfs.line.1.87-0,bus,,ptline
gtfs,86V,1 bus 86V,gtfs.line.1.86v-1,bus,,ptline
gtfs,86V,1 bus 86V,gtfs.line.1.86v-0,bus,,ptline
gtfs,85T,1 bus 85T,gtfs.line.1.85t-1,bus,,ptline
gtfs,85T,1 bus 85T,gtfs.line.1.85t-0,bus,,ptline
gtfs,85C,1 bus 85C,gtfs.line.1.85c-1,bus,,ptline
gtfs,83O,1 bus 83O,gtfs.line.1.83o-1,bus,,ptline
gtfs,83O,1 bus 83O,gtfs.line.1.83o-0,bus,,ptline
gtfs,83,1 bus 83,gtfs.line.1.83-1,bus,,ptline
gtfs,83,1 bus 83,gtfs.line.1.83-0,bus,,ptline
gtfs,82B,1 bus 82B,gtfs.line.1.82b-0,bus,,ptline
gtfs,82,1 bus 82,gtfs.line.1.82-1,bus,,ptline
gtfs,82,1 bus 82,gtfs.line.1.82-0,bus,,ptline
gtfs,81,1 bus 81,gtfs.line.1.81-1,bus,,ptline
gtfs,81,1 bus 81,gtfs.line.1.81-0,bus,,ptline
gtfs,80T,1 bus 80T,gtfs.line.1.80t-1,bus,,ptline
gtfs,80T,1 bus 80T,gtfs.line.1.80t-0,bus,,ptline
gtfs,80,1 bus 80,gtfs.line.1.80-1,bus,,ptline
gtfs,80,1 bus 80,gtfs.line.1.80-0,bus,,ptline
gtfs,79Y,1 bus 79Y,gtfs.line.1.79y-1,bus,,ptline
gtfs,79Y,1 bus 79Y,gtfs.line.1.79y-0,bus,,ptline
gtfs,79T,1 bus 79T,gtfs.line.1.79t-1,bus,,ptline
gtfs,79T,1 bus 79T,gtfs.line.1.79t-0,bus,,ptline
gtfs,79M,1 bus 79M,gtfs.line.1.79m-1,bus,,ptline
gtfs,79M,1 bus 79M,gtfs.line.1.79m-0,bus,,ptline
gtfs,79K,1 bus 79K,gtfs.line.1.79k-1,bus,,ptline
gtfs,79K,1 bus 79K,gtfs.line.1.79k-0,bus,,ptline
gtfs,79G,1 bus 79G,gtfs.line.1.79g-1,bus,,ptline
gtfs,79G,1 bus 79G,gtfs.line.1.79g-0,bus,,ptline
gtfs,79C,1 bus 79C,gtfs.line.1.79c-1,bus,,ptline
gtfs,79C,1 bus 79C,gtfs.line.1.79c-0,bus,,ptline
gtfs,79B,1 bus 79B,gtfs.line.1.79b-1,bus,,ptline
gtfs,79B,1 bus 79B,gtfs.line.1.79b-0,bus,,ptline
gtfs,78Ş,1 bus 78Ş,gtfs.line.1.78-1,bus,,ptline
gtfs,78Ş,1 bus 78Ş,gtfs.line.1.78-0,bus,,ptline
gtfs,78ZB,1 bus 78ZB,gtfs.line.1.78zb-1,bus,,ptline
gtfs,78ZB,1 bus 78ZB,gtfs.line.1.78zb-0,bus,,ptline
gtfs,78M,1 bus 78M,gtfs.line.1.78m-1,bus,,ptline
gtfs,78M,1 bus 78M,gtfs.line.1.78m-0,bus,,ptline
gtfs,78G,1 bus 78G,gtfs.line.1.78g-1,bus,,ptline
gtfs,78G,1 bus 78G,gtfs.line.1.78g-0,bus,,ptline
gtfs,78E,1 bus 78E,gtfs.line.1.78e-1,bus,,ptline
gtfs,78E,1 bus 78E,gtfs.line.1.78e-0,bus,,ptline
gtfs,78C,1 bus 78C,gtfs.line.1.78c-1,bus,,ptline
gtfs,78C,1 bus 78C,gtfs.line.1.78c-0,bus,,ptline
gtfs,78B,1 bus 78B,gtfs.line.1.78b-1,bus,,ptline
gtfs,78B,1 bus 78B,gtfs.line.1.78b-0,bus,,ptline
gtfs,77Ç,1 bus 77Ç,gtfs.line.1.77-1,bus,,ptline
gtfs,77Ç,1 bus 77Ç,gtfs.line.1.77-0,bus,,ptline
gtfs,77MT,1 bus 77MT,gtfs.line.1.77mt-1,bus,,ptline
gtfs,77A,1 bus 77A,gtfs.line.1.77a-0,bus,,ptline
gtfs,76Y,1 bus 76Y,gtfs.line.1.76y-1,bus,,ptline
gtfs,76Y,1 bus 76Y,gtfs.line.1.76y-0,bus,,ptline
gtfs,76O,1 bus 76O,gtfs.line.1.76o-1,bus,,ptline
gtfs,76O,1 bus 76O,gtfs.line.1.76o-0,bus,,ptline
gtfs,76M,1 bus 76M,gtfs.line.1.76m-1,bus,,ptline
gtfs,76M,1 bus 76M,gtfs.line.1.76m-0,bus,,ptline
gtfs,76E,1 bus 76E,gtfs.line.1.76e-1,bus,,ptline
gtfs,76E,1 bus 76E,gtfs.line.1.76e-0,bus,,ptline
gtfs,76D,1 bus 76D,gtfs.line.1.76d-1,bus,,ptline
gtfs,76D,1 bus 76D,gtfs.line.1.76d-0,bus,,ptline
gtfs,76B,1 bus 76B,gtfs.line.1.76b-1,bus,,ptline
gtfs,76B,1 bus 76B,gtfs.line.1.76b-0,bus,,ptline
gtfs,76,1 bus 76,gtfs.line.1.76-1,bus,,ptline
gtfs,76,1 bus 76,gtfs.line.1.76-0,bus,,ptline
gtfs,75O,1 bus 75O,gtfs.line.1.75o-1,bus,,ptline
gtfs,75O,1 bus 75O,gtfs.line.1.75o-0,bus,,ptline
gtfs,75M,1 bus 75M,gtfs.line.1.75m-1,bus,,ptline
gtfs,75M,1 bus 75M,gtfs.line.1.75m-0,bus,,ptline
gtfs,74A,1 bus 74A,gtfs.line.1.74a-1,bus,,ptline
gtfs,74A,1 bus 74A,gtfs.line.1.74a-0,bus,,ptline
gtfs,74,1 bus 74,gtfs.line.1.74-1,bus,,ptline
gtfs,74,1 bus 74,gtfs.line.1.74-0,bus,,ptline
gtfs,73T,1 bus 73T,gtfs.line.1.73t-1,bus,,ptline
gtfs,73T,1 bus 73T,gtfs.line.1.73t-0,bus,,ptline
gtfs,73F,1 bus 73F,gtfs.line.1.73f-1,bus,,ptline
gtfs,73F,1 bus 73F,gtfs.line.1.73f-0,bus,,ptline
gtfs,73,1 bus 73,gtfs.line.1.73-1,bus,,ptline
gtfs,73,1 bus 73,gtfs.line.1.73-0,bus,,ptline
gtfs,72T,1 bus 72T,gtfs.line.1.72t-1,bus,,ptline
gtfs,72T,1 bus 72T,gtfs.line.1.72t-0,bus,,ptline
gtfs,71T,1 bus 71T,gtfs.line.1.71t-1,bus,,ptline
gtfs,71T,1 bus 71T,gtfs.line.1.71t-0,bus,,ptline
gtfs,70KY,1 bus 70KY,gtfs.line.1.70ky-1,bus,,ptline
gtfs,70KY,1 bus 70KY,gtfs.line.1.70ky-0,bus,,ptline
gtfs,70KE,1 bus 70KE,gtfs.line.1.70ke-1,bus,,ptline
gtfs,70KE,1 bus 70KE,gtfs.line.1.70ke-0,bus,,ptline
gtfs,70FY,1 bus 70FY,gtfs.line.1.70fy-1,bus,,ptline
gtfs,70FY,1 bus 70FY,gtfs.line.1.70fy-0,bus,,ptline
gtfs,70FE,1 bus 70FE,gtfs.line.1.70fe-1,bus,,ptline
gtfs,70FE,1 bus 70FE,gtfs.line.1.70fe-0,bus,,ptline
gtfs,7,1 bus 7,gtfs.line.1.7-0,bus,,ptline
gtfs,69A,1 bus 69A,gtfs.line.1.69a-1,bus,,ptline
gtfs,69A,1 bus 69A,gtfs.line.1.69a-0,bus,,ptline
gtfs,66Z,1 bus 66Z,gtfs.line.1.66z-0,bus,,ptline
gtfs,66,1 bus 66,gtfs.line.1.66-1,bus,,ptline
gtfs,66,1 bus 66,gtfs.line.1.66-0,bus,,ptline
gtfs,62G,1 bus 62G,gtfs.line.1.62g-1,bus,,ptline
gtfs,62G,1 bus 62G,gtfs.line.1.62g-0,bus,,ptline
gtfs,61B,1 bus 61B,gtfs.line.1.61b-1,bus,,ptline
gtfs,6,1 bus 6,gtfs.line.1.6-1,bus,,ptline
gtfs,6,1 bus 6,gtfs.line.1.6-0,bus,,ptline
gtfs,59UÇ,1 bus 59UÇ,gtfs.line.1.59u-0,bus,,ptline
gtfs,59S,1 bus 59S,gtfs.line.1.59s-0,bus,,ptline
gtfs,59RS,1 bus 59RS,gtfs.line.1.59rs-1,bus,,ptline
gtfs,59RS,1 bus 59RS,gtfs.line.1.59rs-0,bus,,ptline
gtfs,59RK,1 bus 59RK,gtfs.line.1.59rk-1,bus,,ptline
gtfs,59RK,1 bus 59RK,gtfs.line.1.59rk-0,bus,,ptline
gtfs,59RH,1 bus 59RH,gtfs.line.1.59rh-1,bus,,ptline
gtfs,59RH,1 bus 59RH,gtfs.line.1.59rh-0,bus,,ptline
gtfs,59R,1 bus 59R,gtfs.line.1.59r-0,bus,,ptline
gtfs,59N,1 bus 59N,gtfs.line.1.59n-0,bus,,ptline
gtfs,59K,1 bus 59K,gtfs.line.1.59k-0,bus,,ptline
gtfs,59H,1 bus 59H,gtfs.line.1.59h-0,bus,,ptline
gtfs,59C,1 bus 59C,gtfs.line.1.59c-1,bus,,ptline
gtfs,42T,1 bus 42T,gtfs.line.1.42t-1,bus,,ptline
gtfs,42T,1 bus 42T,gtfs.line.1.42t-0,bus,,ptline
gtfs,42M,1 bus 42M,gtfs.line.1.42m-1,bus,,ptline
gtfs,42M,1 bus 42M,gtfs.line.1.42m-0,bus,,ptline
gtfs,42KT,1 bus 42KT,gtfs.line.1.42kt-1,bus,,ptline
gtfs,42KT,1 bus 42KT,gtfs.line.1.42kt-0,bus,,ptline
gtfs,42KM,1 bus 42KM,gtfs.line.1.42km-1,bus,,ptline
gtfs,42KM,1 bus 42KM,gtfs.line.1.42km-0,bus,,ptline
gtfs,42K,1 bus 42K,gtfs.line.1.42k-1,bus,,ptline
gtfs,42K,1 bus 42K,gtfs.line.1.42k-0,bus,,ptline
gtfs,42HM,1 bus 42HM,gtfs.line.1.42hm-1,bus,,ptline
gtfs,42HM,1 bus 42HM,gtfs.line.1.42hm-0,bus,,ptline
gtfs,429,1 bus 429,gtfs.line.1.429-1,bus,,ptline
gtfs,429,1 bus 429,gtfs.line.1.429-0,bus,,ptline
gtfs,42,1 bus 42,gtfs.line.1.42-1,bus,,ptline
gtfs,42,1 bus 42,gtfs.line.1.42-0,bus,,ptline
gtfs,41ST,1 bus 41ST,gtfs.line.1.41st-1,bus,,ptline
gtfs,41ST,1 bus 41ST,gtfs.line.1.41st-0,bus,,ptline
gtfs,41SM,1 bus 41SM,gtfs.line.1.41sm-1,bus,,ptline
gtfs,41SM,1 bus 41SM,gtfs.line.1.41sm-0,bus,,ptline
gtfs,41SF,1 bus 41SF,gtfs.line.1.41sf-1,bus,,ptline
gtfs,41SF,1 bus 41SF,gtfs.line.1.41sf-0,bus,,ptline
gtfs,41AT,1 bus 41AT,gtfs.line.1.41at-1,bus,,ptline
gtfs,41AT,1 bus 41AT,gtfs.line.1.41at-0,bus,,ptline
gtfs,418,1 bus 418,gtfs.line.1.418-1,bus,,ptline
gtfs,418,1 bus 418,gtfs.line.1.418-0,bus,,ptline
gtfs,41,1 bus 41,gtfs.line.1.41-1,bus,,ptline
gtfs,41,1 bus 41,gtfs.line.1.41-0,bus,,ptline
gtfs,40T,1 bus 40T,gtfs.line.1.40t-1,bus,,ptline
gtfs,40T,1 bus 40T,gtfs.line.1.40t-0,bus,,ptline
gtfs,40B,1 bus 40B,gtfs.line.1.40b-1,bus,,ptline
gtfs,40B,1 bus 40B,gtfs.line.1.40b-0,bus,,ptline
gtfs,404,1 bus 404,gtfs.line.1.404-1,bus,,ptline
gtfs,404,1 bus 404,gtfs.line.1.404-0,bus,,ptline
gtfs,403,1 bus 403,gtfs.line.1.403-1,bus,,ptline
gtfs,403,1 bus 403,gtfs.line.1.403-0,bus,,ptline
gtfs,402,1 bus 402,gtfs.line.1.402-1,bus,,ptline
gtfs,402,1 bus 402,gtfs.line.1.402-0,bus,,ptline
gtfs,401T,1 bus 401T,gtfs.line.1.401t-1,bus,,ptline
gtfs,401T,1 bus 401T,gtfs.line.1.401t-0,bus,,ptline
gtfs,401,1 bus 401,gtfs.line.1.401-1,bus,,ptline
gtfs,401,1 bus 401,gtfs.line.1.401-0,bus,,ptline
gtfs,400A,1 bus 400A,gtfs.line.1.400a-1,bus,,ptline
gtfs,400A,1 bus 400A,gtfs.line.1.400a-0,bus,,ptline
gtfs,400,1 bus 400,gtfs.line.1.400-0,bus,,ptline
gtfs,40,1 bus 40,gtfs.line.1.40-1,bus,,ptline
gtfs,40,1 bus 40,gtfs.line.1.40-0,bus,,ptline
gtfs,4,1 bus 4,gtfs.line.1.4-0,bus,,ptline
gtfs,3B,1 bus 3B,gtfs.line.1.3b-0,bus,,ptline
gtfs,3A,1 bus 3A,gtfs.line.1.3a-0,bus,,ptline
gtfs,39Ç,1 bus 39Ç,gtfs.line.1.39-1,bus,,ptline
gtfs,39Ç,1 bus 39Ç,gtfs.line.1.39-0,bus,,ptline
gtfs,39Y,1 bus 39Y,gtfs.line.1.39y-1,bus,,ptline
gtfs,39Y,1 bus 39Y,gtfs.line.1.39y-0,bus,,ptline
gtfs,39O,1 bus 39O,gtfs.line.1.39o-1,bus,,ptline
gtfs,39O,1 bus 39O,gtfs.line.1.39o-0,bus,,ptline
gtfs,39D,1 bus 39D,gtfs.line.1.39d-1,bus,,ptline
gtfs,39D,1 bus 39D,gtfs.line.1.39d-0,bus,,ptline
gtfs,39B,1 bus 39B,gtfs.line.1.39b-1,bus,,ptline
gtfs,39B,1 bus 39B,gtfs.line.1.39b-0,bus,,ptline
gtfs,399C,1 bus 399C,gtfs.line.1.399c-1,bus,,ptline
gtfs,399C,1 bus 399C,gtfs.line.1.399c-0,bus,,ptline
gtfs,399B,1 bus 399B,gtfs.line.1.399b-1,bus,,ptline
gtfs,399B,1 bus 399B,gtfs.line.1.399b-0,bus,,ptline
gtfs,38Z,1 bus 38Z,gtfs.line.1.38z-1,bus,,ptline
gtfs,38Z,1 bus 38Z,gtfs.line.1.38z-0,bus,,ptline
gtfs,38E,1 bus 38E,gtfs.line.1.38e-1,bus,,ptline
gtfs,38E,1 bus 38E,gtfs.line.1.38e-0,bus,,ptline
gtfs,38B,1 bus 38B,gtfs.line.1.38b-1,bus,,ptline
gtfs,38B,1 bus 38B,gtfs.line.1.38b-0,bus,,ptline
gtfs,38,1 bus 38,gtfs.line.1.38-1,bus,,ptline
gtfs,38,1 bus 38,gtfs.line.1.38-0,bus,,ptline
gtfs,37Y,1 bus 37Y,gtfs.line.1.37y-1,bus,,ptline
gtfs,37Y,1 bus 37Y,gtfs.line.1.37y-0,bus,,ptline
gtfs,37T,1 bus 37T,gtfs.line.1.37t-1,bus,,ptline
gtfs,37T,1 bus 37T,gtfs.line.1.37t-0,bus,,ptline
gtfs,37M,1 bus 37M,gtfs.line.1.37m-1,bus,,ptline
gtfs,37M,1 bus 37M,gtfs.line.1.37m-0,bus,,ptline
gtfs,37E,1 bus 37E,gtfs.line.1.37e-1,bus,,ptline
gtfs,37E,1 bus 37E,gtfs.line.1.37e-0,bus,,ptline
gtfs,37A,1 bus 37A,gtfs.line.1.37a-1,bus,,ptline
gtfs,37A,1 bus 37A,gtfs.line.1.37a-0,bus,,ptline
gtfs,36V,1 bus 36V,gtfs.line.1.36v-1,bus,,ptline
gtfs,36V,1 bus 36V,gtfs.line.1.36v-0,bus,,ptline
gtfs,36T,1 bus 36T,gtfs.line.1.36t-1,bus,,ptline
gtfs,36T,1 bus 36T,gtfs.line.1.36t-0,bus,,ptline
gtfs,36S,1 bus 36S,gtfs.line.1.36s-0,bus,,ptline
gtfs,36M,1 bus 36M,gtfs.line.1.36m-1,bus,,ptline
gtfs,36M,1 bus 36M,gtfs.line.1.36m-0,bus,,ptline
gtfs,36L,1 bus 36L,gtfs.line.1.36l-1,bus,,ptline
gtfs,36L,1 bus 36L,gtfs.line.1.36l-0,bus,,ptline
gtfs,36KE,1 bus 36KE,gtfs.line.1.36ke-1,bus,,ptline
gtfs,36KE,1 bus 36KE,gtfs.line.1.36ke-0,bus,,ptline
gtfs,36HT,1 bus 36HT,gtfs.line.1.36ht-1,bus,,ptline
gtfs,36HT,1 bus 36HT,gtfs.line.1.36ht-0,bus,,ptline
gtfs,36ES,1 bus 36ES,gtfs.line.1.36es-1,bus,,ptline
gtfs,36ES,1 bus 36ES,gtfs.line.1.36es-0,bus,,ptline
gtfs,36E,1 bus 36E,gtfs.line.1.36e-1,bus,,ptline
gtfs,36E,1 bus 36E,gtfs.line.1.36e-0,bus,,ptline
gtfs,36Cİ,1 bus 36Cİ,gtfs.line.1.36c-1,bus,,ptline
gtfs,36Cİ,1 bus 36Cİ,gtfs.line.1.36c-0,bus,,ptline
gtfs,36CY,1 bus 36CY,gtfs.line.1.36cy-1,bus,,ptline
gtfs,36CY,1 bus 36CY,gtfs.line.1.36cy-0,bus,,ptline
gtfs,36CE,1 bus 36CE,gtfs.line.1.36ce-1,bus,,ptline
gtfs,36CE,1 bus 36CE,gtfs.line.1.36ce-0,bus,,ptline
gtfs,36Bİ,1 bus 36Bİ,gtfs.line.1.36b-1,bus,,ptline
gtfs,36Bİ,1 bus 36Bİ,gtfs.line.1.36b-0,bus,,ptline
gtfs,36AY,1 bus 36AY,gtfs.line.1.36ay-0,bus,,ptline
gtfs,36A,1 bus 36A,gtfs.line.1.36a-1,bus,,ptline
gtfs,36A,1 bus 36A,gtfs.line.1.36a-0,bus,,ptline
gtfs,36,1 bus 36,gtfs.line.1.36-1,bus,,ptline
gtfs,36,1 bus 36,gtfs.line.1.36-0,bus,,ptline
gtfs,35D,1 bus 35D,gtfs.line.1.35d-1,bus,,ptline
gtfs,35D,1 bus 35D,gtfs.line.1.35d-0,bus,,ptline
gtfs,35C,1 bus 35C,gtfs.line.1.35c-1,bus,,ptline
gtfs,35C,1 bus 35C,gtfs.line.1.35c-0,bus,,ptline
gtfs,35A,1 bus 35A,gtfs.line.1.35a-1,bus,,ptline
gtfs,35,1 bus 35,gtfs.line.1.35-1,bus,,ptline
gtfs,35,1 bus 35,gtfs.line.1.35-0,bus,,ptline
gtfs,33Y,1 bus 33Y,gtfs.line.1.33y-1,bus,,ptline
gtfs,33Y,1 bus 33Y,gtfs.line.1.33y-0,bus,,ptline
gtfs,33M,1 bus 33M,gtfs.line.1.33m-1,bus,,ptline
gtfs,33M,1 bus 33M,gtfs.line.1.33m-0,bus,,ptline
gtfs,33ES,1 bus 33ES,gtfs.line.1.33es-1,bus,,ptline
gtfs,33ES,1 bus 33ES,gtfs.line.1.33es-0,bus,,ptline
gtfs,33E,1 bus 33E,gtfs.line.1.33e-1,bus,,ptline
gtfs,33E,1 bus 33E,gtfs.line.1.33e-0,bus,,ptline
gtfs,33B,1 bus 33B,gtfs.line.1.33b-1,bus,,ptline
gtfs,33B,1 bus 33B,gtfs.line.1.33b-0,bus,,ptline
gtfs,336İM,1 bus 336İM,gtfs.line.1.336m-1,bus,,ptline
gtfs,336İM,1 bus 336İM,gtfs.line.1.336m-0,bus,,ptline
gtfs,336T,1 bus 336T,gtfs.line.1.336t-1,bus,,ptline
gtfs,336T,1 bus 336T,gtfs.line.1.336t-0,bus,,ptline
gtfs,336H,1 bus 336H,gtfs.line.1.336h-1,bus,,ptline
gtfs,336H,1 bus 336H,gtfs.line.1.336h-0,bus,,ptline
gtfs,336E,1 bus 336E,gtfs.line.1.336e-1,bus,,ptline
gtfs,336E,1 bus 336E,gtfs.line.1.336e-0,bus,,ptline
gtfs,336D,1 bus 336D,gtfs.line.1.336d-1,bus,,ptline
gtfs,336D,1 bus 336D,gtfs.line.1.336d-0,bus,,ptline
gtfs,336A,1 bus 336A,gtfs.line.1.336a-1,bus,,ptline
gtfs,336A,1 bus 336A,gtfs.line.1.336a-0,bus,,ptline
gtfs,33,1 bus 33,gtfs.line.1.33-1,bus,,ptline
gtfs,33,1 bus 33,gtfs.line.1.33-0,bus,,ptline
gtfs,32T,1 bus 32T,gtfs.line.1.32t-1,bus,,ptline
gtfs,32T,1 bus 32T,gtfs.line.1.32t-0,bus,,ptline
gtfs,32M,1 bus 32M,gtfs.line.1.32m-1,bus,,ptline
gtfs,32M,1 bus 32M,gtfs.line.1.32m-0,bus,,ptline
gtfs,32A,1 bus 32A,gtfs.line.1.32a-1,bus,,ptline
gtfs,32A,1 bus 32A,gtfs.line.1.32a-0,bus,,ptline
gtfs,320A,1 bus 320A,gtfs.line.1.320a-1,bus,,ptline
gtfs,320A,1 bus 320A,gtfs.line.1.320a-0,bus,,ptline
gtfs,320,1 bus 320,gtfs.line.1.320-1,bus,,ptline
gtfs,320,1 bus 320,gtfs.line.1.320-0,bus,,ptline
gtfs,32,1 bus 32,gtfs.line.1.32-1,bus,,ptline
gtfs,32,1 bus 32,gtfs.line.1.32-0,bus,,ptline
gtfs,31Y,1 bus 31Y,gtfs.line.1.31y-1,bus,,ptline
gtfs,31Y,1 bus 31Y,gtfs.line.1.31y-0,bus,,ptline
gtfs,31K,1 bus 31K,gtfs.line.1.31k-1,bus,,ptline
gtfs,31K,1 bus 31K,gtfs.line.1.31k-0,bus,,ptline
gtfs,31E,1 bus 31E,gtfs.line.1.31e-1,bus,,ptline
gtfs,31E,1 bus 31E,gtfs.line.1.31e-0,bus,,ptline
gtfs,319,1 bus 319,gtfs.line.1.319-1,bus,,ptline
gtfs,319,1 bus 319,gtfs.line.1.319-0,bus,,ptline
gtfs,31,1 bus 31,gtfs.line.1.31-1,bus,,ptline
gtfs,31,1 bus 31,gtfs.line.1.31-0,bus,,ptline
gtfs,30M,1 bus 30M,gtfs.line.1.30m-0,bus,,ptline
gtfs,30D,1 bus 30D,gtfs.line.1.30d-1,bus,,ptline
gtfs,30D,1 bus 30D,gtfs.line.1.30d-0,bus,,ptline
gtfs,30A,1 bus 30A,gtfs.line.1.30a-0,bus,,ptline
gtfs,303B,1 bus 303B,gtfs.line.1.303b-1,bus,,ptline
gtfs,303B,1 bus 303B,gtfs.line.1.303b-0,bus,,ptline
gtfs,303,1 bus 303,gtfs.line.1.303-1,bus,,ptline
gtfs,303,1 bus 303,gtfs.line.1.303-0,bus,,ptline
gtfs,3,1 bus 3,gtfs.line.1.3-1,bus,,ptline
gtfs,3,1 bus 3,gtfs.line.1.3-0,bus,,ptline
gtfs,29Ş,1 bus 29Ş,gtfs.line.1.29-0,bus,,ptline
gtfs,29T,1 bus 29T,gtfs.line.1.29t-1,bus,,ptline
gtfs,29T,1 bus 29T,gtfs.line.1.29t-0,bus,,ptline
gtfs,29P,1 bus 29P,gtfs.line.1.29p-0,bus,,ptline
gtfs,29M2,1 bus 29M2,gtfs.line.1.29m2-0,bus,,ptline
gtfs,29M1,1 bus 29M1,gtfs.line.1.29m1-0,bus,,ptline
gtfs,29GM,1 bus 29GM,gtfs.line.1.29gm-0,bus,,ptline
gtfs,29D,1 bus 29D,gtfs.line.1.29d-0,bus,,ptline
gtfs,29B,1 bus 29B,gtfs.line.1.29b-1,bus,,ptline
gtfs,29B,1 bus 29B,gtfs.line.1.29b-0,bus,,ptline
gtfs,29A,1 bus 29A,gtfs.line.1.29a-1,bus,,ptline
gtfs,29A,1 bus 29A,gtfs.line.1.29a-0,bus,,ptline
gtfs,E-3,1 bus E-3,gtfs.line.1.e3-1,bus,,ptline
gtfs,E-3,1 bus E-3,gtfs.line.1.e3-0,bus,,ptline
gtfs,E-2,1 bus E-2,gtfs.line.1.e2-1,bus,,ptline
gtfs,E-2,1 bus E-2,gtfs.line.1.e2-0,bus,,ptline
gtfs,E-10,1 bus E-10,gtfs.line.1.e10-1,bus,,ptline
gtfs,E-10,1 bus E-10,gtfs.line.1.e10-0,bus,,ptline
gtfs,DT2,1 bus DT2,gtfs.line.1.dt2-0,bus,,ptline
gtfs,DT1,1 bus DT1,gtfs.line.1.dt1-0,bus,,ptline
gtfs,9Ş,1 bus 9Ş,gtfs.line.1.9-1,bus,,ptline
gtfs,9Ş,1 bus 9Ş,gtfs.line.1.9-0,bus,,ptline
gtfs,9ÜD,1 bus 9ÜD,gtfs.line.1.9d-1,bus,,ptline
gtfs,9ÜD,1 bus 9ÜD,gtfs.line.1.9d-0,bus,,ptline
gtfs,9ÇN,1 bus 9ÇN,gtfs.line.1.9n-1,bus,,ptline
gtfs,9ÇN,1 bus 9ÇN,gtfs.line.1.9n-0,bus,,ptline
gtfs,9A,1 bus 9A,gtfs.line.1.9a-0,bus,,ptline
gtfs,99A,1 bus 99A,gtfs.line.1.99a-1,bus,,ptline
gtfs,99A,1 bus 99A,gtfs.line.1.99a-0,bus,,ptline
gtfs,99,1 bus 99,gtfs.line.1.99-1,bus,,ptline
gtfs,98İ,1 bus 98İ,gtfs.line.1.98-1,bus,,ptline
gtfs,28T,1 bus 28T,gtfs.line.1.28t-1,bus,,ptline
gtfs,28T,1 bus 28T,gtfs.line.1.28t-0,bus,,ptline
gtfs,28O,1 bus 28O,gtfs.line.1.28o-1,bus,,ptline
gtfs,28O,1 bus 28O,gtfs.line.1.28o-0,bus,,ptline
gtfs,28,1 bus 28,gtfs.line.1.28-1,bus,,ptline
gtfs,28,1 bus 28,gtfs.line.1.28-0,bus,,ptline
gtfs,27E,1 bus 27E,gtfs.line.1.27e-0,bus,,ptline
gtfs,26B,1 bus 26B,gtfs.line.1.26b-1,bus,,ptline
gtfs,26B,1 bus 26B,gtfs.line.1.26b-0,bus,,ptline
gtfs,26A,1 bus 26A,gtfs.line.1.26a-1,bus,,ptline
gtfs,26A,1 bus 26A,gtfs.line.1.26a-0,bus,,ptline
gtfs,26,1 bus 26,gtfs.line.1.26-1,bus,,ptline
gtfs,26,1 bus 26,gtfs.line.1.26-0,bus,,ptline
gtfs,25Y,1 bus 25Y,gtfs.line.1.25y-1,bus,,ptline
gtfs,25Y,1 bus 25Y,gtfs.line.1.25y-0,bus,,ptline
gtfs,25T,1 bus 25T,gtfs.line.1.25t-1,bus,,ptline
gtfs,25T,1 bus 25T,gtfs.line.1.25t-0,bus,,ptline
gtfs,25H,1 bus 25H,gtfs.line.1.25h-0,bus,,ptline
gtfs,25G,1 bus 25G,gtfs.line.1.25g-1,bus,,ptline
gtfs,25G,1 bus 25G,gtfs.line.1.25g-0,bus,,ptline
gtfs,25E,1 bus 25E,gtfs.line.1.25e-1,bus,,ptline
gtfs,25E,1 bus 25E,gtfs.line.1.25e-0,bus,,ptline
gtfs,25A,1 bus 25A,gtfs.line.1.25a-1,bus,,ptline
gtfs,25A,1 bus 25A,gtfs.line.1.25a-0,bus,,ptline
gtfs,256,1 bus 256,gtfs.line.1.256-1,bus,,ptline
gtfs,256,1 bus 256,gtfs.line.1.256-0,bus,,ptline
gtfs,16KH,1 bus 16KH,gtfs.line.1.16kh-1,bus,,ptline
gtfs,16KH,1 bus 16KH,gtfs.line.1.16kh-0,bus,,ptline
gtfs,16K,1 bus 16K,gtfs.line.1.16k-1,bus,,ptline
gtfs,16K,1 bus 16K,gtfs.line.1.16k-0,bus,,ptline
gtfs,16F,1 bus 16F,gtfs.line.1.16f-1,bus,,ptline
gtfs,16F,1 bus 16F,gtfs.line.1.16f-0,bus,,ptline
gtfs,16D,1 bus 16D,gtfs.line.1.16d-1,bus,,ptline
gtfs,16D,1 bus 16D,gtfs.line.1.16d-0,bus,,ptline
gtfs,16C,1 bus 16C,gtfs.line.1.16c-1,bus,,ptline
gtfs,16C,1 bus 16C,gtfs.line.1.16c-0,bus,,ptline
gtfs,16B,1 bus 16B,gtfs.line.1.16b-1,bus,,ptline
gtfs,16B,1 bus 16B,gtfs.line.1.16b-0,bus,,ptline
gtfs,16A,1 bus 16A,gtfs.line.1.16a-1,bus,,ptline
gtfs,16A,1 bus 16A,gtfs.line.1.16a-0,bus,,ptline
gtfs,16,1 bus 16,gtfs.line.1.16-1,bus,,ptline
gtfs,16,1 bus 16,gtfs.line.1.16-0,bus,,ptline
gtfs,15ŞN,1 bus 15ŞN,gtfs.line.1.15n-1,bus,,ptline
gtfs,15ŞN,1 bus 15ŞN,gtfs.line.1.15n-0,bus,,ptline
gtfs,15ÇK,1 bus 15ÇK,gtfs.line.1.15k-1,bus,,ptline
gtfs,15ÇK,1 bus 15ÇK,gtfs.line.1.15k-0,bus,,ptline
gtfs,15Y,1 bus 15Y,gtfs.line.1.15y-0,bus,,ptline
gtfs,15U,1 bus 15U,gtfs.line.1.15u-1,bus,,ptline
gtfs,15U,1 bus 15U,gtfs.line.1.15u-0,bus,,ptline
gtfs,15TY,1 bus 15TY,gtfs.line.1.15ty-1,bus,,ptline
gtfs,15TY,1 bus 15TY,gtfs.line.1.15ty-0,bus,,ptline
gtfs,15S,1 bus 15S,gtfs.line.1.15s-1,bus,,ptline
gtfs,15S,1 bus 15S,gtfs.line.1.15s-0,bus,,ptline
gtfs,15R,1 bus 15R,gtfs.line.1.15r-1,bus,,ptline
gtfs,15R,1 bus 15R,gtfs.line.1.15r-0,bus,,ptline
gtfs,15P,1 bus 15P,gtfs.line.1.15p-1,bus,,ptline
gtfs,15P,1 bus 15P,gtfs.line.1.15p-0,bus,,ptline
gtfs,15E,1 bus 15E,gtfs.line.1.15e-1,bus,,ptline
gtfs,15E,1 bus 15E,gtfs.line.1.15e-0,bus,,ptline
gtfs,15D,1 bus 15D,gtfs.line.1.15d-1,bus,,ptline
gtfs,15D,1 bus 15D,gtfs.line.1.15d-0,bus,,ptline
gtfs,15C,1 bus 15C,gtfs.line.1.15c-1,bus,,ptline
gtfs,15C,1 bus 15C,gtfs.line.1.15c-0,bus,,ptline
gtfs,15BK,1 bus 15BK,gtfs.line.1.15bk-1,bus,,ptline
gtfs,15BK,1 bus 15BK,gtfs.line.1.15bk-0,bus,,ptline
gtfs,15B,1 bus 15B,gtfs.line.1.15b-1,bus,,ptline
gtfs,15B,1 bus 15B,gtfs.line.1.15b-0,bus,,ptline
gtfs,15A,1 bus 15A,gtfs.line.1.15a-1,bus,,ptline
gtfs,15A,1 bus 15A,gtfs.line.1.15a-0,bus,,ptline
gtfs,153,1 bus 153,gtfs.line.1.153-1,bus,,ptline
gtfs,153,1 bus 153,gtfs.line.1.153-0,bus,,ptline
gtfs,152,1 bus 152,gtfs.line.1.152-1,bus,,ptline
gtfs,152,1 bus 152,gtfs.line.1.152-0,bus,,ptline
gtfs,151,1 bus 151,gtfs.line.1.151-1,bus,,ptline
gtfs,151,1 bus 151,gtfs.line.1.151-0,bus,,ptline
gtfs,150,1 bus 150,gtfs.line.1.150-1,bus,,ptline
gtfs,150,1 bus 150,gtfs.line.1.150-0,bus,,ptline
gtfs,15,1 bus 15,gtfs.line.1.15-1,bus,,ptline
gtfs,15,1 bus 15,gtfs.line.1.15-0,bus,,ptline
gtfs,14ŞB,1 bus 14ŞB,gtfs.line.1.14b-1,bus,,ptline
gtfs,14ŞB,1 bus 14ŞB,gtfs.line.1.14b-0,bus,,ptline
gtfs,14ÇK,1 bus 14ÇK,gtfs.line.1.14k-1,bus,,ptline
gtfs,14ÇK,1 bus 14ÇK,gtfs.line.1.14k-0,bus,,ptline
gtfs,14Y,1 bus 14Y,gtfs.line.1.14y-1,bus,,ptline
gtfs,14Y,1 bus 14Y,gtfs.line.1.14y-0,bus,,ptline
gtfs,14S,1 bus 14S,gtfs.line.1.14s-1,bus,,ptline
gtfs,14S,1 bus 14S,gtfs.line.1.14s-0,bus,,ptline
gtfs,14R,1 bus 14R,gtfs.line.1.14r-1,bus,,ptline
gtfs,14R,1 bus 14R,gtfs.line.1.14r-0,bus,,ptline
gtfs,14M,1 bus 14M,gtfs.line.1.14m-1,bus,,ptline
gtfs,14M,1 bus 14M,gtfs.line.1.14m-0,bus,,ptline
gtfs,14KS,1 bus 14KS,gtfs.line.1.14ks-1,bus,,ptline
gtfs,14KS,1 bus 14KS,gtfs.line.1.14ks-0,bus,,ptline
gtfs,14F,1 bus 14F,gtfs.line.1.14f-1,bus,,ptline
gtfs,14F,1 bus 14F,gtfs.line.1.14f-0,bus,,ptline
gtfs,14ES,1 bus 14ES,gtfs.line.1.14es-1,bus,,ptline
gtfs,14E,1 bus 14E,gtfs.line.1.14e-1,bus,,ptline
gtfs,14E,1 bus 14E,gtfs.line.1.14e-0,bus,,ptline
gtfs,14DK,1 bus 14DK,gtfs.line.1.14dk-1,bus,,ptline
gtfs,14DK,1 bus 14DK,gtfs.line.1.14dk-0,bus,,ptline
gtfs,14D,1 bus 14D,gtfs.line.1.14d-1,bus,,ptline
gtfs,14D,1 bus 14D,gtfs.line.1.14d-0,bus,,ptline
gtfs,14C,1 bus 14C,gtfs.line.1.14c-1,bus,,ptline
gtfs,14C,1 bus 14C,gtfs.line.1.14c-0,bus,,ptline
gtfs,14BK,1 bus 14BK,gtfs.line.1.14bk-1,bus,,ptline
gtfs,14BK,1 bus 14BK,gtfs.line.1.14bk-0,bus,,ptline
gtfs,14AK,1 bus 14AK,gtfs.line.1.14ak-1,bus,,ptline
gtfs,14A,1 bus 14A,gtfs.line.1.14a-1,bus,,ptline
gtfs,14A,1 bus 14A,gtfs.line.1.14a-0,bus,,ptline
gtfs,147,1 bus 147,gtfs.line.1.147-1,bus,,ptline
gtfs,147,1 bus 147,gtfs.line.1.147-0,bus,,ptline
gtfs,146T,1 bus 146T,gtfs.line.1.146t-1,bus,,ptline
gtfs,146T,1 bus 146T,gtfs.line.1.146t-0,bus,,ptline
gtfs,146M,1 bus 146M,gtfs.line.1.146m-1,bus,,ptline
gtfs,146M,1 bus 146M,gtfs.line.1.146m-0,bus,,ptline
gtfs,146B,1 bus 146B,gtfs.line.1.146b-1,bus,,ptline
gtfs,146B,1 bus 146B,gtfs.line.1.146b-0,bus,,ptline
gtfs,146,1 bus 146,gtfs.line.1.146-1,bus,,ptline
gtfs,146,1 bus 146,gtfs.line.1.146-0,bus,,ptline
gtfs,145T,1 bus 145T,gtfs.line.1.145t-1,bus,,ptline
gtfs,145T,1 bus 145T,gtfs.line.1.145t-0,bus,,ptline
gtfs,145M,1 bus 145M,gtfs.line.1.145m-1,bus,,ptline
gtfs,145M,1 bus 145M,gtfs.line.1.145m-0,bus,,ptline
gtfs,145,1 bus 145,gtfs.line.1.145-1,bus,,ptline
gtfs,145,1 bus 145,gtfs.line.1.145-0,bus,,ptline
gtfs,143,1 bus 143,gtfs.line.1.143-1,bus,,ptline
gtfs,143,1 bus 143,gtfs.line.1.143-0,bus,,ptline
gtfs,142F,1 bus 142F,gtfs.line.1.142f-1,bus,,ptline
gtfs,142F,1 bus 142F,gtfs.line.1.142f-0,bus,,ptline
gtfs,142A,1 bus 142A,gtfs.line.1.142a-1,bus,,ptline
gtfs,142A,1 bus 142A,gtfs.line.1.142a-0,bus,,ptline
gtfs,142,1 bus 142,gtfs.line.1.142-1,bus,,ptline
gtfs,142,1 bus 142,gtfs.line.1.142-0,bus,,ptline
gtfs,14,1 bus 14,gtfs.line.1.14-1,bus,,ptline
gtfs,14,1 bus 14,gtfs.line.1.14-0,bus,,ptline
gtfs,13B,1 bus 13B,gtfs.line.1.13b-1,bus,,ptline
gtfs,13B,1 bus 13B,gtfs.line.1.13b-0,bus,,ptline
gtfs,13AB,1 bus 13AB,gtfs.line.1.13ab-1,bus,,ptline
gtfs,13AB,1 bus 13AB,gtfs.line.1.13ab-0,bus,,ptline
gtfs,139T,1 bus 139T,gtfs.line.1.139t-1,bus,,ptline
gtfs,139T,1 bus 139T,gtfs.line.1.139t-0,bus,,ptline
gtfs,139A,1 bus 139A,gtfs.line.1.139a-1,bus,,ptline
gtfs,139A,1 bus 139A,gtfs.line.1.139a-0,bus,,ptline
gtfs,139,1 bus 139,gtfs.line.1.139-1,bus,,ptline
gtfs,139,1 bus 139,gtfs.line.1.139-0,bus,,ptline
gtfs,138,1 bus 138,gtfs.line.1.138-1,bus,,ptline
gtfs,138,1 bus 138,gtfs.line.1.138-0,bus,,ptline
gtfs,137,1 bus 137,gtfs.line.1.137-1,bus,,ptline
gtfs,137,1 bus 137,gtfs.line.1.137-0,bus,,ptline
gtfs,136,1 bus 136,gtfs.line.1.136-1,bus,,ptline
gtfs,136,1 bus 136,gtfs.line.1.136-0,bus,,ptline
gtfs,135K,1 bus 135K,gtfs.line.1.135k-1,bus,,ptline
gtfs,135K,1 bus 135K,gtfs.line.1.135k-0,bus,,ptline
gtfs,135G,1 bus 135G,gtfs.line.1.135g-1,bus,,ptline
gtfs,135G,1 bus 135G,gtfs.line.1.135g-0,bus,,ptline
gtfs,135A,1 bus 135A,gtfs.line.1.135a-1,bus,,ptline
gtfs,135A,1 bus 135A,gtfs.line.1.135a-0,bus,,ptline
gtfs,135,1 bus 135,gtfs.line.1.135-1,bus,,ptline
gtfs,135,1 bus 135,gtfs.line.1.135-0,bus,,ptline
gtfs,134YK,1 bus 134YK,gtfs.line.1.134yk-1,bus,,ptline
gtfs,134YK,1 bus 134YK,gtfs.line.1.134yk-0,bus,,ptline
gtfs,134UK,1 bus 134UK,gtfs.line.1.134uk-1,bus,,ptline
gtfs,134UK,1 bus 134UK,gtfs.line.1.134uk-0,bus,,ptline
gtfs,134GK,1 bus 134GK,gtfs.line.1.134gk-1,bus,,ptline
gtfs,134GK,1 bus 134GK,gtfs.line.1.134gk-0,bus,,ptline
gtfs,134DK,1 bus 134DK,gtfs.line.1.134dk-1,bus,,ptline
gtfs,134DK,1 bus 134DK,gtfs.line.1.134dk-0,bus,,ptline
gtfs,134CK,1 bus 134CK,gtfs.line.1.134ck-1,bus,,ptline
gtfs,134CK,1 bus 134CK,gtfs.line.1.134ck-0,bus,,ptline
gtfs,134BK,1 bus 134BK,gtfs.line.1.134bk-1,bus,,ptline
gtfs,134BK,1 bus 134BK,gtfs.line.1.134bk-0,bus,,ptline
gtfs,134,1 bus 134,gtfs.line.1.134-1,bus,,ptline
gtfs,134,1 bus 134,gtfs.line.1.134-0,bus,,ptline
gtfs,133Ş,1 bus 133Ş,gtfs.line.1.133-1,bus,,ptline
gtfs,133Ş,1 bus 133Ş,gtfs.line.1.133-0,bus,,ptline
gtfs,133TK,1 bus 133TK,gtfs.line.1.133tk-1,bus,,ptline
gtfs,133TK,1 bus 133TK,gtfs.line.1.133tk-0,bus,,ptline
gtfs,133T,1 bus 133T,gtfs.line.1.133t-1,bus,,ptline
gtfs,133T,1 bus 133T,gtfs.line.1.133t-0,bus,,ptline
gtfs,133P,1 bus 133P,gtfs.line.1.133p-1,bus,,ptline
gtfs,133P,1 bus 133P,gtfs.line.1.133p-0,bus,,ptline
gtfs,133M,1 bus 133M,gtfs.line.1.133m-1,bus,,ptline
gtfs,133M,1 bus 133M,gtfs.line.1.133m-0,bus,,ptline
gtfs,133K,1 bus 133K,gtfs.line.1.133k-1,bus,,ptline
gtfs,133K,1 bus 133K,gtfs.line.1.133k-0,bus,,ptline
gtfs,133GP,1 bus 133GP,gtfs.line.1.133gp-1,bus,,ptline
gtfs,133GP,1 bus 133GP,gtfs.line.1.133gp-0,bus,,ptline
gtfs,133G,1 bus 133G,gtfs.line.1.133g-1,bus,,ptline
gtfs,133G,1 bus 133G,gtfs.line.1.133g-0,bus,,ptline
gtfs,133F,1 bus 133F,gtfs.line.1.133f-1,bus,,ptline
gtfs,133F,1 bus 133F,gtfs.line.1.133f-0,bus,,ptline
gtfs,133AK,1 bus 133AK,gtfs.line.1.133ak-1,bus,,ptline
gtfs,133AK,1 bus 133AK,gtfs.line.1.133ak-0,bus,,ptline
gtfs,133A,1 bus 133A,gtfs.line.1.133a-1,bus,,ptline
gtfs,133A,1 bus 133A,gtfs.line.1.133a-0,bus,,ptline
gtfs,132V,1 bus 132V,gtfs.line.1.132v-0,bus,,ptline
gtfs,132S,1 bus 132S,gtfs.line.1.132s-0,bus,,ptline
gtfs,132P,1 bus 132P,gtfs.line.1.132p-1,bus,,ptline
gtfs,132P,1 bus 132P,gtfs.line.1.132p-0,bus,,ptline
gtfs,132K,1 bus 132K,gtfs.line.1.132k-1,bus,,ptline
gtfs,132K,1 bus 132K,gtfs.line.1.132k-0,bus,,ptline
gtfs,132F,1 bus 132F,gtfs.line.1.132f-1,bus,,ptline
gtfs,132F,1 bus 132F,gtfs.line.1.132f-0,bus,,ptline
gtfs,M2B,2 subway M2B,gtfs.line.2.m2b-1,subway,,ptline
gtfs,59C,1 bus 59C,gtfs.line.1.59c-0,bus,,ptline
gtfs,59B,1 bus 59B,gtfs.line.1.59b-0,bus,,ptline
gtfs,59A,1 bus 59A,gtfs.line.1.59a-0,bus,,ptline
gtfs,58S,1 bus 58S,gtfs.line.1.58s-0,bus,,ptline
gtfs,57UL,1 bus 57UL,gtfs.line.1.57ul-1,bus,,ptline
gtfs,57UL,1 bus 57UL,gtfs.line.1.57ul-0,bus,,ptline
gtfs,55Y,1 bus 55Y,gtfs.line.1.55y-1,bus,,ptline
gtfs,55Y,1 bus 55Y,gtfs.line.1.55y-0,bus,,ptline
gtfs,55T,1 bus 55T,gtfs.line.1.55t-0,bus,,ptline
gtfs,55M,1 bus 55M,gtfs.line.1.55m-0,bus,,ptline
gtfs,55ET,1 bus 55ET,gtfs.line.1.55et-1,bus,,ptline
gtfs,55ET,1 bus 55ET,gtfs.line.1.55et-0,bus,,ptline
gtfs,559C,1 bus 559C,gtfs.line.1.559c-1,bus,,ptline
gtfs,559C,1 bus 559C,gtfs.line.1.559c-0,bus,,ptline
gtfs,55,1 bus 55,gtfs.line.1.55-0,bus,,ptline
gtfs,54ÖR,1 bus 54ÖR,gtfs.line.1.54r-1,bus,,ptline
gtfs,54ÖR,1 bus 54ÖR,gtfs.line.1.54r-0,bus,,ptline
gtfs,54Ç,1 bus 54Ç,gtfs.line.1.54-1,bus,,ptline
gtfs,54Ç,1 bus 54Ç,gtfs.line.1.54-0,bus,,ptline
gtfs,54KT,1 bus 54KT,gtfs.line.1.54kt-0,bus,,ptline
gtfs,54K,1 bus 54K,gtfs.line.1.54k-1,bus,,ptline
gtfs,54K,1 bus 54K,gtfs.line.1.54k-0,bus,,ptline
gtfs,54HŞ,1 bus 54HŞ,gtfs.line.1.54h-0,bus,,ptline
gtfs,54HT,1 bus 54HT,gtfs.line.1.54ht-0,bus,,ptline
gtfs,54E,1 bus 54E,gtfs.line.1.54e-1,bus,,ptline
gtfs,54E,1 bus 54E,gtfs.line.1.54e-0,bus,,ptline
gtfs,522ST,1 bus 522ST,gtfs.line.1.522st-1,bus,,ptline
gtfs,522ST,1 bus 522ST,gtfs.line.1.522st-0,bus,,ptline
gtfs,522B,1 bus 522B,gtfs.line.1.522b-1,bus,,ptline
gtfs,522B,1 bus 522B,gtfs.line.1.522b-0,bus,,ptline
gtfs,522,1 bus 522,gtfs.line.1.522-1,bus,,ptline
gtfs,522,1 bus 522,gtfs.line.1.522-0,bus,,ptline
gtfs,52,1 bus 52,gtfs.line.1.52-1,bus,,ptline
gtfs,52,1 bus 52,gtfs.line.1.52-0,bus,,ptline
gtfs,500T,1 bus 500T,gtfs.line.1.500t-1,bus,,ptline
gtfs,500T,1 bus 500T,gtfs.line.1.500t-0,bus,,ptline
gtfs,500L,1 bus 500L,gtfs.line.1.500l-0,bus,,ptline
gtfs,500ES,1 bus 500ES,gtfs.line.1.500es-1,bus,,ptline
gtfs,500ES,1 bus 500ES,gtfs.line.1.500es-0,bus,,ptline
gtfs,500A,1 bus 500A,gtfs.line.1.500a-1,bus,,ptline
gtfs,500A,1 bus 500A,gtfs.line.1.500a-0,bus,,ptline
gtfs,49Y,1 bus 49Y,gtfs.line.1.49y-0,bus,,ptline
gtfs,49G,1 bus 49G,gtfs.line.1.49g-1,bus,,ptline
gtfs,49G,1 bus 49G,gtfs.line.1.49g-0,bus,,ptline
gtfs,49B,1 bus 49B,gtfs.line.1.49b-0,bus,,ptline
gtfs,49A,1 bus 49A,gtfs.line.1.49a-0,bus,,ptline
gtfs,48T,1 bus 48T,gtfs.line.1.48t-1,bus,,ptline
gtfs,48T,1 bus 48T,gtfs.line.1.48t-0,bus,,ptline
gtfs,48N,1 bus 48N,gtfs.line.1.48n-1,bus,,ptline
gtfs,48N,1 bus 48N,gtfs.line.1.48n-0,bus,,ptline
gtfs,48H,1 bus 48H,gtfs.line.1.48h-0,bus,,ptline
gtfs,48B,1 bus 48B,gtfs.line.1.48b-0,bus,,ptline
gtfs,48A,1 bus 48A,gtfs.line.1.48a-1,bus,,ptline
gtfs,48A,1 bus 48A,gtfs.line.1.48a-0,bus,,ptline
gtfs,48,1 bus 48,gtfs.line.1.48-1,bus,,ptline
gtfs,48,1 bus 48,gtfs.line.1.48-0,bus,,ptline
gtfs,47Ç,1 bus 47Ç,gtfs.line.1.47-1,bus,,ptline
gtfs,47Ç,1 bus 47Ç,gtfs.line.1.47-0,bus,,ptline
gtfs,47E,1 bus 47E,gtfs.line.1.47e-1,bus,,ptline
gtfs,46Ç,1 bus 46Ç,gtfs.line.1.46-1,bus,,ptline
gtfs,458,1 bus 458,gtfs.line.1.458-1,bus,,ptline
gtfs,44B,1 bus 44B,gtfs.line.1.44b-1,bus,,ptline
gtfs,44B,1 bus 44B,gtfs.line.1.44b-0,bus,,ptline
gtfs,448,1 bus 448,gtfs.line.1.448-1,bus,,ptline
gtfs,448,1 bus 448,gtfs.line.1.448-0,bus,,ptline
gtfs,43,1 bus 43,gtfs.line.1.43-1,bus,,ptline
gtfs,43,1 bus 43,gtfs.line.1.43-0,bus,,ptline
gtfs,M2B,2 subway M2B,gtfs.line.2.m2b-0,subway,,ptline
gtfs,M2A,2 subway M2A,gtfs.line.2.m2a-1,subway,,ptline
gtfs,M2A,2 subway M2A,gtfs.line.2.m2a-0,subway,,ptline
gtfs,F1,2 tram F1,gtfs.line.2.f1-1,tram,,ptline
gtfs,T4,2 tram T4,gtfs.line.2.t4-1,tram,,ptline
gtfs,T4,2 tram T4,gtfs.line.2.t4-0,tram,,ptline
gtfs,T1,2 tram T1,gtfs.line.2.t1-1,tram,,ptline
gtfs,T1,2 tram T1,gtfs.line.2.t1-0,tram,,ptline
gtfs,M4,2 subway M4,gtfs.line.2.m4-1,subway,,ptline
gtfs,M4,2 subway M4,gtfs.line.2.m4-0,subway,,ptline
gtfs,M3,2 subway M3,gtfs.line.2.m3-1,subway,,ptline
gtfs,M3,2 subway M3,gtfs.line.2.m3-0,subway,,ptline
gtfs,M2,2 subway M2,gtfs.line.2.m2-1,subway,,ptline
gtfs,M2,2 subway M2,gtfs.line.2.m2-0,subway,,ptline
gtfs,M1A,2 subway M1A,gtfs.line.2.m1a-1,subway,,ptline
gtfs,M1A,2 subway M1A,gtfs.line.2.m1a-0,subway,,ptline
gtfs,,5 ferry KBT - BYK,gtfs.line.5.kbtbyk-1,ferry,KBT - BYK,ptline
gtfs,KDY-KBT,5 ferry KDY-KBT,gtfs.line.5.kdykbt-1,ferry,,ptline
gtfs,KDY-KBT,5 ferry KDY-KBT,gtfs.line.5.kdykbt-0,ferry,,ptline
gtfs,9A,1 bus 9A,gtfs.line.1.9a-1,bus,,ptline
gtfs,77A,1 bus 77A,gtfs.line.1.77a-1,bus,,ptline
gtfs,61B,1 bus 61B,gtfs.line.1.61b-0,bus,,ptline
gtfs,252,1 bus 252,gtfs.line.1.252-1,bus,,ptline
gtfs,252,1 bus 252,gtfs.line.1.252-0,bus,,ptline
gtfs,251,1 bus 251,gtfs.line.1.251-1,bus,,ptline
gtfs,251,1 bus 251,gtfs.line.1.251-0,bus,,ptline
gtfs,222,1 bus 222,gtfs.line.1.222-1,bus,,ptline
gtfs,222,1 bus 222,gtfs.line.1.222-0,bus,,ptline
gtfs,22,1 bus 22,gtfs.line.1.22-1,bus,,ptline
gtfs,22,1 bus 22,gtfs.line.1.22-0,bus,,ptline
gtfs,21Y,1 bus 21Y,gtfs.line.1.21y-1,bus,,ptline
gtfs,21Y,1 bus 21Y,gtfs.line.1.21y-0,bus,,ptline
gtfs,21U,1 bus 21U,gtfs.line.1.21u-1,bus,,ptline
gtfs,21U,1 bus 21U,gtfs.line.1.21u-0,bus,,ptline
gtfs,21K,1 bus 21K,gtfs.line.1.21k-1,bus,,ptline
gtfs,21K,1 bus 21K,gtfs.line.1.21k-0,bus,,ptline
gtfs,21G,1 bus 21G,gtfs.line.1.21g-1,bus,,ptline
gtfs,21G,1 bus 21G,gtfs.line.1.21g-0,bus,,ptline
gtfs,21C,1 bus 21C,gtfs.line.1.21c-1,bus,,ptline
gtfs,21C,1 bus 21C,gtfs.line.1.21c-0,bus,,ptline
gtfs,21B,1 bus 21B,gtfs.line.1.21b-1,bus,,ptline
gtfs,21B,1 bus 21B,gtfs.line.1.21b-0,bus,,ptline
gtfs,21A,1 bus 21A,gtfs.line.1.21a-1,bus,,ptline
gtfs,21A,1 bus 21A,gtfs.line.1.21a-0,bus,,ptline
gtfs,20Ü,1 bus 20Ü,gtfs.line.1.20-1,bus,,ptline
gtfs,20Ü,1 bus 20Ü,gtfs.line.1.20-0,bus,,ptline
gtfs,20K,1 bus 20K,gtfs.line.1.20k-1,bus,,ptline
gtfs,20K,1 bus 20K,gtfs.line.1.20k-0,bus,,ptline
gtfs,20E,1 bus 20E,gtfs.line.1.20e-1,bus,,ptline
gtfs,20E,1 bus 20E,gtfs.line.1.20e-0,bus,,ptline
gtfs,20D,1 bus 20D,gtfs.line.1.20d-1,bus,,ptline
gtfs,20D,1 bus 20D,gtfs.line.1.20d-0,bus,,ptline
gtfs,202,1 bus 202,gtfs.line.1.202-1,bus,,ptline
gtfs,202,1 bus 202,gtfs.line.1.202-0,bus,,ptline
gtfs,2,1 bus 2,gtfs.line.1.2-1,bus,,ptline
gtfs,2,1 bus 2,gtfs.line.1.2-0,bus,,ptline
gtfs,19Z,1 bus 19Z,gtfs.line.1.19z-1,bus,,ptline
gtfs,19Z,1 bus 19Z,gtfs.line.1.19z-0,bus,,ptline
gtfs,19Y,1 bus 19Y,gtfs.line.1.19y-1,bus,,ptline
gtfs,19Y,1 bus 19Y,gtfs.line.1.19y-0,bus,,ptline
gtfs,19V,1 bus 19V,gtfs.line.1.19v-1,bus,,ptline
gtfs,19V,1 bus 19V,gtfs.line.1.19v-0,bus,,ptline
gtfs,19T,1 bus 19T,gtfs.line.1.19t-1,bus,,ptline
gtfs,19T,1 bus 19T,gtfs.line.1.19t-0,bus,,ptline
gtfs,19SB,1 bus 19SB,gtfs.line.1.19sb-1,bus,,ptline
gtfs,19SB,1 bus 19SB,gtfs.line.1.19sb-0,bus,,ptline
gtfs,19S,1 bus 19S,gtfs.line.1.19s-1,bus,,ptline
gtfs,19S,1 bus 19S,gtfs.line.1.19s-0,bus,,ptline
gtfs,19M,1 bus 19M,gtfs.line.1.19m-1,bus,,ptline
gtfs,19M,1 bus 19M,gtfs.line.1.19m-0,bus,,ptline
gtfs,19F,1 bus 19F,gtfs.line.1.19f-1,bus,,ptline
gtfs,19F,1 bus 19F,gtfs.line.1.19f-0,bus,,ptline
gtfs,19ES,1 bus 19ES,gtfs.line.1.19es-1,bus,,ptline
gtfs,19ES,1 bus 19ES,gtfs.line.1.19es-0,bus,,ptline
gtfs,19E,1 bus 19E,gtfs.line.1.19e-1,bus,,ptline
gtfs,19E,1 bus 19E,gtfs.line.1.19e-0,bus,,ptline
gtfs,19D,1 bus 19D,gtfs.line.1.19d-1,bus,,ptline
gtfs,19D,1 bus 19D,gtfs.line.1.19d-0,bus,,ptline
gtfs,19B,1 bus 19B,gtfs.line.1.19b-1,bus,,ptline
gtfs,19B,1 bus 19B,gtfs.line.1.19b-0,bus,,ptline
gtfs,19,1 bus 19,gtfs.line.1.19-1,bus,,ptline
gtfs,19,1 bus 19,gtfs.line.1.19-0,bus,,ptline
gtfs,18Ü,1 bus 18Ü,gtfs.line.1.18-1,bus,,ptline
gtfs,18Ü,1 bus 18Ü,gtfs.line.1.18-0,bus,,ptline
gtfs,18S,1 bus 18S,gtfs.line.1.18s-1,bus,,ptline
gtfs,18S,1 bus 18S,gtfs.line.1.18s-0,bus,,ptline
gtfs,18M,1 bus 18M,gtfs.line.1.18m-1,bus,,ptline
gtfs,18M,1 bus 18M,gtfs.line.1.18m-0,bus,,ptline
gtfs,18K,1 bus 18K,gtfs.line.1.18k-1,bus,,ptline
gtfs,18K,1 bus 18K,gtfs.line.1.18k-0,bus,,ptline
gtfs,18H,1 bus 18H,gtfs.line.1.18h-1,bus,,ptline
gtfs,18H,1 bus 18H,gtfs.line.1.18h-0,bus,,ptline
gtfs,17S,1 bus 17S,gtfs.line.1.17s-1,bus,,ptline
gtfs,17S,1 bus 17S,gtfs.line.1.17s-0,bus,,ptline
gtfs,17L,1 bus 17L,gtfs.line.1.17l-1,bus,,ptline
gtfs,17L,1 bus 17L,gtfs.line.1.17l-0,bus,,ptline
gtfs,17K,1 bus 17K,gtfs.line.1.17k-1,bus,,ptline
gtfs,17K,1 bus 17K,gtfs.line.1.17k-0,bus,,ptline
gtfs,17,1 bus 17,gtfs.line.1.17-1,bus,,ptline
gtfs,17,1 bus 17,gtfs.line.1.17-0,bus,,ptline
gtfs,16Y,1 bus 16Y,gtfs.line.1.16y-1,bus,,ptline
gtfs,16Y,1 bus 16Y,gtfs.line.1.16y-0,bus,,ptline
gtfs,16U,1 bus 16U,gtfs.line.1.16u-1,bus,,ptline
gtfs,16U,1 bus 16U,gtfs.line.1.16u-0,bus,,ptline
gtfs,16S,1 bus 16S,gtfs.line.1.16s-1,bus,,ptline
gtfs,16S,1 bus 16S,gtfs.line.1.16s-0,bus,,ptline
gtfs,16M,1 bus 16M,gtfs.line.1.16m-0,bus,,ptline
gtfs,46Ç,1 bus 46Ç,gtfs.line.1.46-0,bus,,ptline
gtfs,458,1 bus 458,gtfs.line.1.458-0,bus,,ptline
gtfs,35A,1 bus 35A,gtfs.line.1.35a-0,bus,,ptline
gtfs,15M,1 bus 15M,gtfs.line.1.15m-1,bus,,ptline
gtfs,15M,1 bus 15M,gtfs.line.1.15m-0,bus,,ptline
gtfs,15F,1 bus 15F,gtfs.line.1.15f-0,bus,,ptline
gtfs,132V,1 bus 132V,gtfs.line.1.132v-1,bus,,ptline
gtfs,,5 ferry BYB - EMN,gtfs.line.5.bybemn-1,ferry,BYB - EMN,ptline
gtfs,EMN-ARN,5 ferry EMN-ARN,gtfs.line.5.emnarn-0,ferry,,ptline
gtfs,EMN-CNG,5 ferry EMN-CNG,gtfs.line.5.emncng-1,ferry,,ptline
gtfs,KCS-IST,5 ferry KCS-IST,gtfs.line.5.kcsist-1,ferry,,ptline
gtfs,KCS-BSK,5 ferry KCS-BSK,gtfs.line.5.kcsbsk-0,ferry,,ptline
gtfs,BGZ,5 ferry BGZ,gtfs.line.5.bgz-0,ferry,,ptline
gtfs,99,1 bus 99,gtfs.line.1.99-0,bus,,ptline
gtfs,98B,1 bus 98B,gtfs.line.1.98b-0,bus,,ptline
gtfs,98A,1 bus 98A,gtfs.line.1.98a-1,bus,,ptline
gtfs,98A,1 bus 98A,gtfs.line.1.98a-0,bus,,ptline
gtfs,92B,1 bus 92B,gtfs.line.1.92b-1,bus,,ptline
gtfs,92B,1 bus 92B,gtfs.line.1.92b-0,bus,,ptline
gtfs,88A,1 bus 88A,gtfs.line.1.88a-0,bus,,ptline
gtfs,88,1 bus 88,gtfs.line.1.88-1,bus,,ptline
gtfs,88,1 bus 88,gtfs.line.1.88-0,bus,,ptline
gtfs,85C,1 bus 85C,gtfs.line.1.85c-0,bus,,ptline
gtfs,77MT,1 bus 77MT,gtfs.line.1.77mt-0,bus,,ptline
gtfs,76T,1 bus 76T,gtfs.line.1.76t-0,bus,,ptline
gtfs,47E,1 bus 47E,gtfs.line.1.47e-0,bus,,ptline
gtfs,46ÇY,1 bus 46ÇY,gtfs.line.1.46y-1,bus,,ptline
gtfs,46ÇY,1 bus 46ÇY,gtfs.line.1.46y-0,bus,,ptline
gtfs,HT5,1 bus HT5,gtfs.line.1.ht5-1,bus,,ptline
gtfs,36AY,1 bus 36AY,gtfs.line.1.36ay-1,bus,,ptline
gtfs,29GM,1 bus 29GM,gtfs.line.1.29gm-1,bus,,ptline
gtfs,27T,1 bus 27T,gtfs.line.1.27t-0,bus,,ptline
gtfs,16M,1 bus 16M,gtfs.line.1.16m-1,bus,,ptline
gtfs,15H,1 bus 15H,gtfs.line.1.15h-0,bus,,ptline
gtfs,15F,1 bus 15F,gtfs.line.1.15f-1,bus,,ptline
gtfs,14ES,1 bus 14ES,gtfs.line.1.14es-0,bus,,ptline
gtfs,14AK,1 bus 14AK,gtfs.line.1.14ak-0,bus,,ptline
gtfs,132S,1 bus 132S,gtfs.line.1.132s-1,bus,,ptline
gtfs,F1,2 tram F1,gtfs.line.2.f1-0,tram,,ptline
layer,code,name,cdk_id,type,clear_name,node_type
gtfs,BOS-ADA,5 ferry BOS-ADA,gtfs.line.5.bosada-1,ferry,,ptline
gtfs,KBT_KDY-ADA,5 ferry KBT_KDY-ADA,gtfs.line.5.kbt_kdyada-1,ferry,,ptline
gtfs,BOS-ADA,5 ferry BOS-ADA,gtfs.line.5.bosada-0,ferry,,ptline
gtfs,KBT-KDY-ADA,5 ferry KBT-KDY-ADA,gtfs.line.5.kbtkdyada-1,ferry,,ptline
gtfs,KBT-KDY-ADA,5 ferry KBT-KDY-ADA,gtfs.line.5.kbtkdyada-0,ferry,,ptline
gtfs,,5 ferry EMN - AKV,gtfs.line.5.emnakv-1,ferry,EMN - AKV,ptline
gtfs,,5 ferry EMN - AKV,gtfs.line.5.emnakv-0,ferry,EMN - AKV,ptline
gtfs,,5 ferry BYK - EMN,gtfs.line.5.bykemn-1,ferry,BYK - EMN,ptline
gtfs,,5 ferry EMN - AHS,gtfs.line.5.emnahs-0,ferry,EMN - AHS,ptline
gtfs,,5 ferry EMN - CNG,gtfs.line.5.emncng-0,ferry,EMN - CNG,ptline
gtfs,,5 ferry EMN - BYK,gtfs.line.5.emnbyk-0,ferry,EMN - BYK,ptline
gtfs,,5 ferry EMR - CNG,gtfs.line.5.emrcng-1,ferry,EMR - CNG,ptline
gtfs,,5 ferry KBT - BYK,gtfs.line.5.kbtbyk-0,ferry,KBT - BYK,ptline
gtfs,,5 ferry ARN - EMN,gtfs.line.5.arnemn-1,ferry,ARN - EMN,ptline
gtfs,,5 ferry AHS - EMN,gtfs.line.5.ahsemn-1,ferry,AHS - EMN,ptline
gtfs,,5 ferry CNG - EMN,gtfs.line.5.cngemn-1,ferry,CNG - EMN,ptline
gtfs,,5 ferry CNG - IST,gtfs.line.5.cngist-1,ferry,CNG - IST,ptline
gtfs,EMN-BYK,5 ferry EMN-BYK,gtfs.line.5.emnbyk-1,ferry,,ptline
gtfs,CNG-IST,5 ferry CNG-IST,gtfs.line.5.cngist-0,ferry,,ptline
gtfs,SRY-AKV,5 ferry SRY-AKV,gtfs.line.5.sryakv-1,ferry,,ptline
gtfs,SRY-AKV,5 ferry SRY-AKV,gtfs.line.5.sryakv-0,ferry,,ptline
gtfs,KCS-IST,5 ferry KCS-IST,gtfs.line.5.kcsist-0,ferry,,ptline
gtfs,KCS-BSK,5 ferry KCS-BSK,gtfs.line.5.kcsbsk-1,ferry,,ptline
gtfs,KRK-HYD,5 ferry KRK-HYD,gtfs.line.5.krkhyd-1,ferry,,ptline
gtfs,KRK-KDY,5 ferry KRK-KDY,gtfs.line.5.krkkdy-0,ferry,,ptline
gtfs,KDY-EMN,5 ferry KDY-EMN,gtfs.line.5.kdyemn-1,ferry,,ptline
gtfs,HLC,5 ferry HLC,gtfs.line.5.hlc-1,ferry,,ptline
gtfs,HLC,5 ferry HLC,gtfs.line.5.hlc-0,ferry,,ptline
gtfs,KDY-BSK,5 ferry KDY-BSK,gtfs.line.5.kdybsk-1,ferry,,ptline
gtfs,KDY-BSK,5 ferry KDY-BSK,gtfs.line.5.kdybsk-0,ferry,,ptline
gtfs,USK-BSK,5 ferry USK-BSK,gtfs.line.5.uskbsk-1,ferry,,ptline
gtfs,USK-BSK,5 ferry USK-BSK,gtfs.line.5.uskbsk-0,ferry,,ptline
gtfs,USK-EMN,5 ferry USK-EMN,gtfs.line.5.uskemn-1,ferry,,ptline
gtfs,USK-EMN,5 ferry USK-EMN,gtfs.line.5.uskemn-0,ferry,,ptline
gtfs,KRK-HYD,5 ferry KRK-HYD,gtfs.line.5.krkhyd-0,ferry,,ptline
gtfs,KRK-KDY,5 ferry KRK-KDY,gtfs.line.5.krkkdy-1,ferry,,ptline
gtfs,KDY-EMN,5 ferry KDY-EMN,gtfs.line.5.kdyemn-0,ferry,,ptline
gtfs,34Z,1 tram 34Z,gtfs.line.1.34z-1,tram,,ptline
gtfs,34Z,1 tram 34Z,gtfs.line.1.34z-0,tram,,ptline
gtfs,34T,1 tram 34T,gtfs.line.1.34t-1,tram,,ptline
gtfs,34T,1 tram 34T,gtfs.line.1.34t-0,tram,,ptline
gtfs,34G,1 tram 34G,gtfs.line.1.34g-1,tram,,ptline
gtfs,34G,1 tram 34G,gtfs.line.1.34g-0,tram,,ptline
gtfs,34C,1 tram 34C,gtfs.line.1.34c-1,tram,,ptline
gtfs,34C,1 tram 34C,gtfs.line.1.34c-0,tram,,ptline
gtfs,34B,1 tram 34B,gtfs.line.1.34b-1,tram,,ptline
gtfs,34B,1 tram 34B,gtfs.line.1.34b-0,tram,,ptline
gtfs,34A,1 tram 34A,gtfs.line.1.34a-1,tram,,ptline
gtfs,34A,1 tram 34A,gtfs.line.1.34a-0,tram,,ptline
gtfs,34,1 tram 34,gtfs.line.1.34-1,tram,,ptline
gtfs,34,1 tram 34,gtfs.line.1.34-0,tram,,ptline
gtfs,TB2,1 bus TB2,gtfs.line.1.tb2-0,bus,,ptline
gtfs,TB1,1 bus TB1,gtfs.line.1.tb1-0,bus,,ptline
gtfs,T1,1 bus T1,gtfs.line.1.t1-0,bus,,ptline
gtfs,SG-2,1 bus SG-2,gtfs.line.1.sg2-1,bus,,ptline
gtfs,SG-2,1 bus SG-2,gtfs.line.1.sg2-0,bus,,ptline
gtfs,SG-1,1 bus SG-1,gtfs.line.1.sg1-1,bus,,ptline
gtfs,SG-1,1 bus SG-1,gtfs.line.1.sg1-0,bus,,ptline
gtfs,HT5,1 bus HT5,gtfs.line.1.ht5-0,bus,,ptline
gtfs,HT48,1 bus HT48,gtfs.line.1.ht48-1,bus,,ptline
gtfs,HT48,1 bus HT48,gtfs.line.1.ht48-0,bus,,ptline
gtfs,HT29,1 bus HT29,gtfs.line.1.ht29-1,bus,,ptline
gtfs,HT29,1 bus HT29,gtfs.line.1.ht29-0,bus,,ptline
gtfs,HT20,1 bus HT20,gtfs.line.1.ht20-1,bus,,ptline
gtfs,HT20,1 bus HT20,gtfs.line.1.ht20-0,bus,,ptline
gtfs,HT2,1 bus HT2,gtfs.line.1.ht2-1,bus,,ptline
gtfs,HT2,1 bus HT2,gtfs.line.1.ht2-0,bus,,ptline
gtfs,HT18,1 bus HT18,gtfs.line.1.ht18-1,bus,,ptline
gtfs,HT18,1 bus HT18,gtfs.line.1.ht18-0,bus,,ptline
gtfs,HT12,1 bus HT12,gtfs.line.1.ht12-1,bus,,ptline
gtfs,HT12,1 bus HT12,gtfs.line.1.ht12-0,bus,,ptline
gtfs,HT11,1 bus HT11,gtfs.line.1.ht11-1,bus,,ptline
gtfs,HT11,1 bus HT11,gtfs.line.1.ht11-0,bus,,ptline
gtfs,GZ2,1 bus GZ2,gtfs.line.1.gz2-0,bus,,ptline
gtfs,GZ1,1 bus GZ1,gtfs.line.1.gz1-0,bus,,ptline
gtfs,FB2,1 bus FB2,gtfs.line.1.fb2-0,bus,,ptline
gtfs,FB1,1 bus FB1,gtfs.line.1.fb1-0,bus,,ptline
gtfs,ER2,1 bus ER2,gtfs.line.1.er2-0,bus,,ptline
gtfs,ER1,1 bus ER1,gtfs.line.1.er1-0,bus,,ptline
gtfs,EM2,1 bus EM2,gtfs.line.1.em2-0,bus,,ptline
gtfs,EM1,1 bus EM1,gtfs.line.1.em1-0,bus,,ptline
gtfs,E-9,1 bus E-9,gtfs.line.1.e9-1,bus,,ptline
gtfs,E-9,1 bus E-9,gtfs.line.1.e9-0,bus,,ptline
gtfs,E-60,1 bus E-60,gtfs.line.1.e60-1,bus,,ptline
gtfs,E-60,1 bus E-60,gtfs.line.1.e60-0,bus,,ptline
gtfs,E-58,1 bus E-58,gtfs.line.1.e58-1,bus,,ptline
gtfs,E-58,1 bus E-58,gtfs.line.1.e58-0,bus,,ptline
gtfs,E-57,1 bus E-57,gtfs.line.1.e57-1,bus,,ptline
gtfs,E-57,1 bus E-57,gtfs.line.1.e57-0,bus,,ptline
gtfs,98İ,1 bus 98İ,gtfs.line.1.98-0,bus,,ptline
gtfs,98Y,1 bus 98Y,gtfs.line.1.98y-1,bus,,ptline
gtfs,98Y,1 bus 98Y,gtfs.line.1.98y-0,bus,,ptline
gtfs,98T,1 bus 98T,gtfs.line.1.98t-1,bus,,ptline
gtfs,98T,1 bus 98T,gtfs.line.1.98t-0,bus,,ptline
gtfs,98S,1 bus 98S,gtfs.line.1.98s-1,bus,,ptline
gtfs,98S,1 bus 98S,gtfs.line.1.98s-0,bus,,ptline
gtfs,98M,1 bus 98M,gtfs.line.1.98m-1,bus,,ptline
gtfs,98M,1 bus 98M,gtfs.line.1.98m-0,bus,,ptline
gtfs,98K,1 bus 98K,gtfs.line.1.98k-1,bus,,ptline
gtfs,98K,1 bus 98K,gtfs.line.1.98k-0,bus,,ptline
gtfs,98H,1 bus 98H,gtfs.line.1.98h-1,bus,,ptline
gtfs,98H,1 bus 98H,gtfs.line.1.98h-0,bus,,ptline
gtfs,98G,1 bus 98G,gtfs.line.1.98g-1,bus,,ptline
gtfs,98G,1 bus 98G,gtfs.line.1.98g-0,bus,,ptline
gtfs,98E,1 bus 98E,gtfs.line.1.98e-1,bus,,ptline
gtfs,98E,1 bus 98E,gtfs.line.1.98e-0,bus,,ptline
gtfs,98D,1 bus 98D,gtfs.line.1.98d-1,bus,,ptline
gtfs,98D,1 bus 98D,gtfs.line.1.98d-0,bus,,ptline
gtfs,98C,1 bus 98C,gtfs.line.1.98c-1,bus,,ptline
gtfs,98C,1 bus 98C,gtfs.line.1.98c-0,bus,,ptline
gtfs,98B,1 bus 98B,gtfs.line.1.98b-1,bus,,ptline
gtfs,97T,1 bus 97T,gtfs.line.1.97t-1,bus,,ptline
gtfs,97T,1 bus 97T,gtfs.line.1.97t-0,bus,,ptline
gtfs,97M,1 bus 97M,gtfs.line.1.97m-1,bus,,ptline
gtfs,97M,1 bus 97M,gtfs.line.1.97m-0,bus,,ptline
gtfs,97G,1 bus 97G,gtfs.line.1.97g-1,bus,,ptline
gtfs,97G,1 bus 97G,gtfs.line.1.97g-0,bus,,ptline
gtfs,97E,1 bus 97E,gtfs.line.1.97e-0,bus,,ptline
gtfs,97B,1 bus 97B,gtfs.line.1.97b-1,bus,,ptline
gtfs,97B,1 bus 97B,gtfs.line.1.97b-0,bus,,ptline
gtfs,97A,1 bus 97A,gtfs.line.1.97a-1,bus,,ptline
gtfs,97A,1 bus 97A,gtfs.line.1.97a-0,bus,,ptline
gtfs,97,1 bus 97,gtfs.line.1.97-1,bus,,ptline
gtfs,97,1 bus 97,gtfs.line.1.97-0,bus,,ptline
gtfs,96T,1 bus 96T,gtfs.line.1.96t-1,bus,,ptline
gtfs,96T,1 bus 96T,gtfs.line.1.96t-0,bus,,ptline
gtfs,94A,1 bus 94A,gtfs.line.1.94a-1,bus,,ptline
gtfs,94A,1 bus 94A,gtfs.line.1.94a-0,bus,,ptline
gtfs,94,1 bus 94,gtfs.line.1.94-1,bus,,ptline
gtfs,94,1 bus 94,gtfs.line.1.94-0,bus,,ptline
gtfs,93T,1 bus 93T,gtfs.line.1.93t-1,bus,,ptline
gtfs,93T,1 bus 93T,gtfs.line.1.93t-0,bus,,ptline
gtfs,93M,1 bus 93M,gtfs.line.1.93m-1,bus,,ptline
gtfs,93M,1 bus 93M,gtfs.line.1.93m-0,bus,,ptline
gtfs,93C,1 bus 93C,gtfs.line.1.93c-1,bus,,ptline
gtfs,93C,1 bus 93C,gtfs.line.1.93c-0,bus,,ptline
gtfs,93,1 bus 93,gtfs.line.1.93-1,bus,,ptline
gtfs,93,1 bus 93,gtfs.line.1.93-0,bus,,ptline
gtfs,92Ş,1 bus 92Ş,gtfs.line.1.92-1,bus,,ptline
gtfs,92Ş,1 bus 92Ş,gtfs.line.1.92-0,bus,,ptline
gtfs,92T,1 bus 92T,gtfs.line.1.92t-1,bus,,ptline
gtfs,92T,1 bus 92T,gtfs.line.1.92t-0,bus,,ptline
gtfs,92K,1 bus 92K,gtfs.line.1.92k-1,bus,,ptline
gtfs,92K,1 bus 92K,gtfs.line.1.92k-0,bus,,ptline
gtfs,92C,1 bus 92C,gtfs.line.1.92c-1,bus,,ptline
gtfs,92C,1 bus 92C,gtfs.line.1.92c-0,bus,,ptline
gtfs,91O,1 bus 91O,gtfs.line.1.91o-1,bus,,ptline
gtfs,91O,1 bus 91O,gtfs.line.1.91o-0,bus,,ptline
gtfs,91E,1 bus 91E,gtfs.line.1.91e-1,bus,,ptline
gtfs,91E,1 bus 91E,gtfs.line.1.91e-0,bus,,ptline
gtfs,90B,1 bus 90B,gtfs.line.1.90b-1,bus,,ptline
gtfs,90B,1 bus 90B,gtfs.line.1.90b-0,bus,,ptline
gtfs,90,1 bus 90,gtfs.line.1.90-1,bus,,ptline
gtfs,90,1 bus 90,gtfs.line.1.90-0,bus,,ptline
gtfs,8M,1 bus 8M,gtfs.line.1.8m-1,bus,,ptline
gtfs,8M,1 bus 8M,gtfs.line.1.8m-0,bus,,ptline
gtfs,8E,1 bus 8E,gtfs.line.1.8e-1,bus,,ptline
gtfs,8E,1 bus 8E,gtfs.line.1.8e-0,bus,,ptline
gtfs,8D,1 bus 8D,gtfs.line.1.8d-1,bus,,ptline
gtfs,8D,1 bus 8D,gtfs.line.1.8d-0,bus,,ptline
gtfs,8A,1 bus 8A,gtfs.line.1.8a-1,bus,,ptline
gtfs,8A,1 bus 8A,gtfs.line.1.8a-0,bus,,ptline
gtfs,89İ,1 bus 89İ,gtfs.line.1.89-1,bus,,ptline
gtfs,89İ,1 bus 89İ,gtfs.line.1.89-0,bus,,ptline
gtfs,89YB,1 bus 89YB,gtfs.line.1.89yb-1,bus,,ptline
gtfs,89YB,1 bus 89YB,gtfs.line.1.89yb-0,bus,,ptline
gtfs,89T,1 bus 89T,gtfs.line.1.89t-1,bus,,ptline
gtfs,89T,1 bus 89T,gtfs.line.1.89t-0,bus,,ptline
gtfs,89S,1 bus 89S,gtfs.line.1.89s-1,bus,,ptline
gtfs,89S,1 bus 89S,gtfs.line.1.89s-0,bus,,ptline
gtfs,89M,1 bus 89M,gtfs.line.1.89m-1,bus,,ptline
gtfs,89M,1 bus 89M,gtfs.line.1.89m-0,bus,,ptline
gtfs,89C,1 bus 89C,gtfs.line.1.89c-1,bus,,ptline
gtfs,89C,1 bus 89C,gtfs.line.1.89c-0,bus,,ptline
gtfs,89B,1 bus 89B,gtfs.line.1.89b-1,bus,,ptline
gtfs,89B,1 bus 89B,gtfs.line.1.89b-0,bus,,ptline
gtfs,89A,1 bus 89A,gtfs.line.1.89a-1,bus,,ptline
gtfs,89A,1 bus 89A,gtfs.line.1.89a-0,bus,,ptline
gtfs,88A,1 bus 88A,gtfs.line.1.88a-1,bus,,ptline
gtfs,87,1 bus 87,gtfs.line.1.87-1,bus,,ptline
gtfs,87,1 bus 87,gtfs.line.1.87-0,bus,,ptline
gtfs,86V,1 bus 86V,gtfs.line.1.86v-1,bus,,ptline
gtfs,86V,1 bus 86V,gtfs.line.1.86v-0,bus,,ptline
gtfs,85T,1 bus 85T,gtfs.line.1.85t-1,bus,,ptline
gtfs,85T,1 bus 85T,gtfs.line.1.85t-0,bus,,ptline
gtfs,85C,1 bus 85C,gtfs.line.1.85c-1,bus,,ptline
gtfs,83O,1 bus 83O,gtfs.line.1.83o-1,bus,,ptline
gtfs,83O,1 bus 83O,gtfs.line.1.83o-0,bus,,ptline
gtfs,83,1 bus 83,gtfs.line.1.83-1,bus,,ptline
gtfs,83,1 bus 83,gtfs.line.1.83-0,bus,,ptline
gtfs,82B,1 bus 82B,gtfs.line.1.82b-0,bus,,ptline
gtfs,82,1 bus 82,gtfs.line.1.82-1,bus,,ptline
gtfs,82,1 bus 82,gtfs.line.1.82-0,bus,,ptline
gtfs,81,1 bus 81,gtfs.line.1.81-1,bus,,ptline
gtfs,81,1 bus 81,gtfs.line.1.81-0,bus,,ptline
gtfs,80T,1 bus 80T,gtfs.line.1.80t-1,bus,,ptline
gtfs,80T,1 bus 80T,gtfs.line.1.80t-0,bus,,ptline
gtfs,80,1 bus 80,gtfs.line.1.80-1,bus,,ptline
gtfs,80,1 bus 80,gtfs.line.1.80-0,bus,,ptline
gtfs,79Y,1 bus 79Y,gtfs.line.1.79y-1,bus,,ptline
gtfs,79Y,1 bus 79Y,gtfs.line.1.79y-0,bus,,ptline
gtfs,79T,1 bus 79T,gtfs.line.1.79t-1,bus,,ptline
gtfs,79T,1 bus 79T,gtfs.line.1.79t-0,bus,,ptline
gtfs,79M,1 bus 79M,gtfs.line.1.79m-1,bus,,ptline
gtfs,79M,1 bus 79M,gtfs.line.1.79m-0,bus,,ptline
gtfs,79K,1 bus 79K,gtfs.line.1.79k-1,bus,,ptline
gtfs,79K,1 bus 79K,gtfs.line.1.79k-0,bus,,ptline
gtfs,79G,1 bus 79G,gtfs.line.1.79g-1,bus,,ptline
gtfs,79G,1 bus 79G,gtfs.line.1.79g-0,bus,,ptline
gtfs,79C,1 bus 79C,gtfs.line.1.79c-1,bus,,ptline
gtfs,79C,1 bus 79C,gtfs.line.1.79c-0,bus,,ptline
gtfs,79B,1 bus 79B,gtfs.line.1.79b-1,bus,,ptline
gtfs,79B,1 bus 79B,gtfs.line.1.79b-0,bus,,ptline
gtfs,78Ş,1 bus 78Ş,gtfs.line.1.78-1,bus,,ptline
gtfs,78Ş,1 bus 78Ş,gtfs.line.1.78-0,bus,,ptline
gtfs,78ZB,1 bus 78ZB,gtfs.line.1.78zb-1,bus,,ptline
gtfs,78ZB,1 bus 78ZB,gtfs.line.1.78zb-0,bus,,ptline
gtfs,78M,1 bus 78M,gtfs.line.1.78m-1,bus,,ptline
gtfs,78M,1 bus 78M,gtfs.line.1.78m-0,bus,,ptline
gtfs,78G,1 bus 78G,gtfs.line.1.78g-1,bus,,ptline
gtfs,78G,1 bus 78G,gtfs.line.1.78g-0,bus,,ptline
gtfs,78E,1 bus 78E,gtfs.line.1.78e-1,bus,,ptline
gtfs,78E,1 bus 78E,gtfs.line.1.78e-0,bus,,ptline
gtfs,78C,1 bus 78C,gtfs.line.1.78c-1,bus,,ptline
gtfs,78C,1 bus 78C,gtfs.line.1.78c-0,bus,,ptline
gtfs,78B,1 bus 78B,gtfs.line.1.78b-1,bus,,ptline
gtfs,78B,1 bus 78B,gtfs.line.1.78b-0,bus,,ptline
gtfs,77Ç,1 bus 77Ç,gtfs.line.1.77-1,bus,,ptline
gtfs,77Ç,1 bus 77Ç,gtfs.line.1.77-0,bus,,ptline
gtfs,77MT,1 bus 77MT,gtfs.line.1.77mt-1,bus,,ptline
gtfs,77A,1 bus 77A,gtfs.line.1.77a-0,bus,,ptline
gtfs,76Y,1 bus 76Y,gtfs.line.1.76y-1,bus,,ptline
gtfs,76Y,1 bus 76Y,gtfs.line.1.76y-0,bus,,ptline
gtfs,76O,1 bus 76O,gtfs.line.1.76o-1,bus,,ptline
gtfs,76O,1 bus 76O,gtfs.line.1.76o-0,bus,,ptline
gtfs,76M,1 bus 76M,gtfs.line.1.76m-1,bus,,ptline
gtfs,76M,1 bus 76M,gtfs.line.1.76m-0,bus,,ptline
gtfs,76E,1 bus 76E,gtfs.line.1.76e-1,bus,,ptline
gtfs,76E,1 bus 76E,gtfs.line.1.76e-0,bus,,ptline
gtfs,76D,1 bus 76D,gtfs.line.1.76d-1,bus,,ptline
gtfs,76D,1 bus 76D,gtfs.line.1.76d-0,bus,,ptline
gtfs,76B,1 bus 76B,gtfs.line.1.76b-1,bus,,ptline
gtfs,76B,1 bus 76B,gtfs.line.1.76b-0,bus,,ptline
gtfs,76,1 bus 76,gtfs.line.1.76-1,bus,,ptline
gtfs,76,1 bus 76,gtfs.line.1.76-0,bus,,ptline
gtfs,75O,1 bus 75O,gtfs.line.1.75o-1,bus,,ptline
gtfs,75O,1 bus 75O,gtfs.line.1.75o-0,bus,,ptline
gtfs,75M,1 bus 75M,gtfs.line.1.75m-1,bus,,ptline
gtfs,75M,1 bus 75M,gtfs.line.1.75m-0,bus,,ptline
gtfs,74A,1 bus 74A,gtfs.line.1.74a-1,bus,,ptline
gtfs,74A,1 bus 74A,gtfs.line.1.74a-0,bus,,ptline
gtfs,74,1 bus 74,gtfs.line.1.74-1,bus,,ptline
gtfs,74,1 bus 74,gtfs.line.1.74-0,bus,,ptline
gtfs,73T,1 bus 73T,gtfs.line.1.73t-1,bus,,ptline
gtfs,73T,1 bus 73T,gtfs.line.1.73t-0,bus,,ptline
gtfs,73F,1 bus 73F,gtfs.line.1.73f-1,bus,,ptline
gtfs,73F,1 bus 73F,gtfs.line.1.73f-0,bus,,ptline
gtfs,73,1 bus 73,gtfs.line.1.73-1,bus,,ptline
gtfs,73,1 bus 73,gtfs.line.1.73-0,bus,,ptline
gtfs,72T,1 bus 72T,gtfs.line.1.72t-1,bus,,ptline
gtfs,72T,1 bus 72T,gtfs.line.1.72t-0,bus,,ptline
gtfs,71T,1 bus 71T,gtfs.line.1.71t-1,bus,,ptline
gtfs,71T,1 bus 71T,gtfs.line.1.71t-0,bus,,ptline
gtfs,70KY,1 bus 70KY,gtfs.line.1.70ky-1,bus,,ptline
gtfs,70KY,1 bus 70KY,gtfs.line.1.70ky-0,bus,,ptline
gtfs,70KE,1 bus 70KE,gtfs.line.1.70ke-1,bus,,ptline
gtfs,70KE,1 bus 70KE,gtfs.line.1.70ke-0,bus,,ptline
gtfs,70FY,1 bus 70FY,gtfs.line.1.70fy-1,bus,,ptline
gtfs,70FY,1 bus 70FY,gtfs.line.1.70fy-0,bus,,ptline
gtfs,70FE,1 bus 70FE,gtfs.line.1.70fe-1,bus,,ptline
gtfs,70FE,1 bus 70FE,gtfs.line.1.70fe-0,bus,,ptline
gtfs,7,1 bus 7,gtfs.line.1.7-0,bus,,ptline
gtfs,69A,1 bus 69A,gtfs.line.1.69a-1,bus,,ptline
gtfs,69A,1 bus 69A,gtfs.line.1.69a-0,bus,,ptline
gtfs,66Z,1 bus 66Z,gtfs.line.1.66z-0,bus,,ptline
gtfs,66,1 bus 66,gtfs.line.1.66-1,bus,,ptline
gtfs,66,1 bus 66,gtfs.line.1.66-0,bus,,ptline
gtfs,62G,1 bus 62G,gtfs.line.1.62g-1,bus,,ptline
gtfs,62G,1 bus 62G,gtfs.line.1.62g-0,bus,,ptline
gtfs,61B,1 bus 61B,gtfs.line.1.61b-1,bus,,ptline
gtfs,6,1 bus 6,gtfs.line.1.6-1,bus,,ptline
gtfs,6,1 bus 6,gtfs.line.1.6-0,bus,,ptline
gtfs,59UÇ,1 bus 59UÇ,gtfs.line.1.59u-0,bus,,ptline
gtfs,59S,1 bus 59S,gtfs.line.1.59s-0,bus,,ptline
gtfs,59RS,1 bus 59RS,gtfs.line.1.59rs-1,bus,,ptline
gtfs,59RS,1 bus 59RS,gtfs.line.1.59rs-0,bus,,ptline
gtfs,59RK,1 bus 59RK,gtfs.line.1.59rk-1,bus,,ptline
gtfs,59RK,1 bus 59RK,gtfs.line.1.59rk-0,bus,,ptline
gtfs,59RH,1 bus 59RH,gtfs.line.1.59rh-1,bus,,ptline
gtfs,59RH,1 bus 59RH,gtfs.line.1.59rh-0,bus,,ptline
gtfs,59R,1 bus 59R,gtfs.line.1.59r-0,bus,,ptline
gtfs,59N,1 bus 59N,gtfs.line.1.59n-0,bus,,ptline
gtfs,59K,1 bus 59K,gtfs.line.1.59k-0,bus,,ptline
gtfs,59H,1 bus 59H,gtfs.line.1.59h-0,bus,,ptline
gtfs,59C,1 bus 59C,gtfs.line.1.59c-1,bus,,ptline
gtfs,42T,1 bus 42T,gtfs.line.1.42t-1,bus,,ptline
gtfs,42T,1 bus 42T,gtfs.line.1.42t-0,bus,,ptline
gtfs,42M,1 bus 42M,gtfs.line.1.42m-1,bus,,ptline
gtfs,42M,1 bus 42M,gtfs.line.1.42m-0,bus,,ptline
gtfs,42KT,1 bus 42KT,gtfs.line.1.42kt-1,bus,,ptline
gtfs,42KT,1 bus 42KT,gtfs.line.1.42kt-0,bus,,ptline
gtfs,42KM,1 bus 42KM,gtfs.line.1.42km-1,bus,,ptline
gtfs,42KM,1 bus 42KM,gtfs.line.1.42km-0,bus,,ptline
gtfs,42K,1 bus 42K,gtfs.line.1.42k-1,bus,,ptline
gtfs,42K,1 bus 42K,gtfs.line.1.42k-0,bus,,ptline
gtfs,42HM,1 bus 42HM,gtfs.line.1.42hm-1,bus,,ptline
gtfs,42HM,1 bus 42HM,gtfs.line.1.42hm-0,bus,,ptline
gtfs,429,1 bus 429,gtfs.line.1.429-1,bus,,ptline
gtfs,429,1 bus 429,gtfs.line.1.429-0,bus,,ptline
gtfs,42,1 bus 42,gtfs.line.1.42-1,bus,,ptline
gtfs,42,1 bus 42,gtfs.line.1.42-0,bus,,ptline
gtfs,41ST,1 bus 41ST,gtfs.line.1.41st-1,bus,,ptline
gtfs,41ST,1 bus 41ST,gtfs.line.1.41st-0,bus,,ptline
gtfs,41SM,1 bus 41SM,gtfs.line.1.41sm-1,bus,,ptline
gtfs,41SM,1 bus 41SM,gtfs.line.1.41sm-0,bus,,ptline
gtfs,41SF,1 bus 41SF,gtfs.line.1.41sf-1,bus,,ptline
gtfs,41SF,1 bus 41SF,gtfs.line.1.41sf-0,bus,,ptline
gtfs,41AT,1 bus 41AT,gtfs.line.1.41at-1,bus,,ptline
gtfs,41AT,1 bus 41AT,gtfs.line.1.41at-0,bus,,ptline
gtfs,418,1 bus 418,gtfs.line.1.418-1,bus,,ptline
gtfs,418,1 bus 418,gtfs.line.1.418-0,bus,,ptline
gtfs,41,1 bus 41,gtfs.line.1.41-1,bus,,ptline
gtfs,41,1 bus 41,gtfs.line.1.41-0,bus,,ptline
gtfs,40T,1 bus 40T,gtfs.line.1.40t-1,bus,,ptline
gtfs,40T,1 bus 40T,gtfs.line.1.40t-0,bus,,ptline
gtfs,40B,1 bus 40B,gtfs.line.1.40b-1,bus,,ptline
gtfs,40B,1 bus 40B,gtfs.line.1.40b-0,bus,,ptline
gtfs,404,1 bus 404,gtfs.line.1.404-1,bus,,ptline
gtfs,404,1 bus 404,gtfs.line.1.404-0,bus,,ptline
gtfs,403,1 bus 403,gtfs.line.1.403-1,bus,,ptline
gtfs,403,1 bus 403,gtfs.line.1.403-0,bus,,ptline
gtfs,402,1 bus 402,gtfs.line.1.402-1,bus,,ptline
gtfs,402,1 bus 402,gtfs.line.1.402-0,bus,,ptline
gtfs,401T,1 bus 401T,gtfs.line.1.401t-1,bus,,ptline
gtfs,401T,1 bus 401T,gtfs.line.1.401t-0,bus,,ptline
gtfs,401,1 bus 401,gtfs.line.1.401-1,bus,,ptline
gtfs,401,1 bus 401,gtfs.line.1.401-0,bus,,ptline
gtfs,400A,1 bus 400A,gtfs.line.1.400a-1,bus,,ptline
gtfs,400A,1 bus 400A,gtfs.line.1.400a-0,bus,,ptline
gtfs,400,1 bus 400,gtfs.line.1.400-0,bus,,ptline
gtfs,40,1 bus 40,gtfs.line.1.40-1,bus,,ptline
gtfs,40,1 bus 40,gtfs.line.1.40-0,bus,,ptline
gtfs,4,1 bus 4,gtfs.line.1.4-0,bus,,ptline
gtfs,3B,1 bus 3B,gtfs.line.1.3b-0,bus,,ptline
gtfs,3A,1 bus 3A,gtfs.line.1.3a-0,bus,,ptline
gtfs,39Ç,1 bus 39Ç,gtfs.line.1.39-1,bus,,ptline
gtfs,39Ç,1 bus 39Ç,gtfs.line.1.39-0,bus,,ptline
gtfs,39Y,1 bus 39Y,gtfs.line.1.39y-1,bus,,ptline
gtfs,39Y,1 bus 39Y,gtfs.line.1.39y-0,bus,,ptline
gtfs,39O,1 bus 39O,gtfs.line.1.39o-1,bus,,ptline
gtfs,39O,1 bus 39O,gtfs.line.1.39o-0,bus,,ptline
gtfs,39D,1 bus 39D,gtfs.line.1.39d-1,bus,,ptline
gtfs,39D,1 bus 39D,gtfs.line.1.39d-0,bus,,ptline
gtfs,39B,1 bus 39B,gtfs.line.1.39b-1,bus,,ptline
gtfs,39B,1 bus 39B,gtfs.line.1.39b-0,bus,,ptline
gtfs,399C,1 bus 399C,gtfs.line.1.399c-1,bus,,ptline
gtfs,399C,1 bus 399C,gtfs.line.1.399c-0,bus,,ptline
gtfs,399B,1 bus 399B,gtfs.line.1.399b-1,bus,,ptline
gtfs,399B,1 bus 399B,gtfs.line.1.399b-0,bus,,ptline
gtfs,38Z,1 bus 38Z,gtfs.line.1.38z-1,bus,,ptline
gtfs,38Z,1 bus 38Z,gtfs.line.1.38z-0,bus,,ptline
gtfs,38E,1 bus 38E,gtfs.line.1.38e-1,bus,,ptline
gtfs,38E,1 bus 38E,gtfs.line.1.38e-0,bus,,ptline
gtfs,38B,1 bus 38B,gtfs.line.1.38b-1,bus,,ptline
gtfs,38B,1 bus 38B,gtfs.line.1.38b-0,bus,,ptline
gtfs,38,1 bus 38,gtfs.line.1.38-1,bus,,ptline
gtfs,38,1 bus 38,gtfs.line.1.38-0,bus,,ptline
gtfs,37Y,1 bus 37Y,gtfs.line.1.37y-1,bus,,ptline
gtfs,37Y,1 bus 37Y,gtfs.line.1.37y-0,bus,,ptline
gtfs,37T,1 bus 37T,gtfs.line.1.37t-1,bus,,ptline
gtfs,37T,1 bus 37T,gtfs.line.1.37t-0,bus,,ptline
gtfs,37M,1 bus 37M,gtfs.line.1.37m-1,bus,,ptline
gtfs,37M,1 bus 37M,gtfs.line.1.37m-0,bus,,ptline
gtfs,37E,1 bus 37E,gtfs.line.1.37e-1,bus,,ptline
gtfs,37E,1 bus 37E,gtfs.line.1.37e-0,bus,,ptline
gtfs,37A,1 bus 37A,gtfs.line.1.37a-1,bus,,ptline
gtfs,37A,1 bus 37A,gtfs.line.1.37a-0,bus,,ptline
gtfs,36V,1 bus 36V,gtfs.line.1.36v-1,bus,,ptline
gtfs,36V,1 bus 36V,gtfs.line.1.36v-0,bus,,ptline
gtfs,36T,1 bus 36T,gtfs.line.1.36t-1,bus,,ptline
gtfs,36T,1 bus 36T,gtfs.line.1.36t-0,bus,,ptline
gtfs,36S,1 bus 36S,gtfs.line.1.36s-0,bus,,ptline
gtfs,36M,1 bus 36M,gtfs.line.1.36m-1,bus,,ptline
gtfs,36M,1 bus 36M,gtfs.line.1.36m-0,bus,,ptline
gtfs,36L,1 bus 36L,gtfs.line.1.36l-1,bus,,ptline
gtfs,36L,1 bus 36L,gtfs.line.1.36l-0,bus,,ptline
gtfs,36KE,1 bus 36KE,gtfs.line.1.36ke-1,bus,,ptline
gtfs,36KE,1 bus 36KE,gtfs.line.1.36ke-0,bus,,ptline
gtfs,36HT,1 bus 36HT,gtfs.line.1.36ht-1,bus,,ptline
gtfs,36HT,1 bus 36HT,gtfs.line.1.36ht-0,bus,,ptline
gtfs,36ES,1 bus 36ES,gtfs.line.1.36es-1,bus,,ptline
gtfs,36ES,1 bus 36ES,gtfs.line.1.36es-0,bus,,ptline
gtfs,36E,1 bus 36E,gtfs.line.1.36e-1,bus,,ptline
gtfs,36E,1 bus 36E,gtfs.line.1.36e-0,bus,,ptline
gtfs,36Cİ,1 bus 36Cİ,gtfs.line.1.36c-1,bus,,ptline
gtfs,36Cİ,1 bus 36Cİ,gtfs.line.1.36c-0,bus,,ptline
gtfs,36CY,1 bus 36CY,gtfs.line.1.36cy-1,bus,,ptline
gtfs,36CY,1 bus 36CY,gtfs.line.1.36cy-0,bus,,ptline
gtfs,36CE,1 bus 36CE,gtfs.line.1.36ce-1,bus,,ptline
gtfs,36CE,1 bus 36CE,gtfs.line.1.36ce-0,bus,,ptline
gtfs,36Bİ,1 bus 36Bİ,gtfs.line.1.36b-1,bus,,ptline
gtfs,36Bİ,1 bus 36Bİ,gtfs.line.1.36b-0,bus,,ptline
gtfs,36AY,1 bus 36AY,gtfs.line.1.36ay-0,bus,,ptline
gtfs,36A,1 bus 36A,gtfs.line.1.36a-1,bus,,ptline
gtfs,36A,1 bus 36A,gtfs.line.1.36a-0,bus,,ptline
gtfs,36,1 bus 36,gtfs.line.1.36-1,bus,,ptline
gtfs,36,1 bus 36,gtfs.line.1.36-0,bus,,ptline
gtfs,35D,1 bus 35D,gtfs.line.1.35d-1,bus,,ptline
gtfs,35D,1 bus 35D,gtfs.line.1.35d-0,bus,,ptline
gtfs,35C,1 bus 35C,gtfs.line.1.35c-1,bus,,ptline
gtfs,35C,1 bus 35C,gtfs.line.1.35c-0,bus,,ptline
gtfs,35A,1 bus 35A,gtfs.line.1.35a-1,bus,,ptline
gtfs,35,1 bus 35,gtfs.line.1.35-1,bus,,ptline
gtfs,35,1 bus 35,gtfs.line.1.35-0,bus,,ptline
gtfs,33Y,1 bus 33Y,gtfs.line.1.33y-1,bus,,ptline
gtfs,33Y,1 bus 33Y,gtfs.line.1.33y-0,bus,,ptline
gtfs,33M,1 bus 33M,gtfs.line.1.33m-1,bus,,ptline
gtfs,33M,1 bus 33M,gtfs.line.1.33m-0,bus,,ptline
gtfs,33ES,1 bus 33ES,gtfs.line.1.33es-1,bus,,ptline
gtfs,33ES,1 bus 33ES,gtfs.line.1.33es-0,bus,,ptline
gtfs,33E,1 bus 33E,gtfs.line.1.33e-1,bus,,ptline
gtfs,33E,1 bus 33E,gtfs.line.1.33e-0,bus,,ptline
gtfs,33B,1 bus 33B,gtfs.line.1.33b-1,bus,,ptline
gtfs,33B,1 bus 33B,gtfs.line.1.33b-0,bus,,ptline
gtfs,336İM,1 bus 336İM,gtfs.line.1.336m-1,bus,,ptline
gtfs,336İM,1 bus 336İM,gtfs.line.1.336m-0,bus,,ptline
gtfs,336T,1 bus 336T,gtfs.line.1.336t-1,bus,,ptline
gtfs,336T,1 bus 336T,gtfs.line.1.336t-0,bus,,ptline
gtfs,336H,1 bus 336H,gtfs.line.1.336h-1,bus,,ptline
gtfs,336H,1 bus 336H,gtfs.line.1.336h-0,bus,,ptline
gtfs,336E,1 bus 336E,gtfs.line.1.336e-1,bus,,ptline
gtfs,336E,1 bus 336E,gtfs.line.1.336e-0,bus,,ptline
gtfs,336D,1 bus 336D,gtfs.line.1.336d-1,bus,,ptline
gtfs,336D,1 bus 336D,gtfs.line.1.336d-0,bus,,ptline
gtfs,336A,1 bus 336A,gtfs.line.1.336a-1,bus,,ptline
gtfs,336A,1 bus 336A,gtfs.line.1.336a-0,bus,,ptline
gtfs,33,1 bus 33,gtfs.line.1.33-1,bus,,ptline
gtfs,33,1 bus 33,gtfs.line.1.33-0,bus,,ptline
gtfs,32T,1 bus 32T,gtfs.line.1.32t-1,bus,,ptline
gtfs,32T,1 bus 32T,gtfs.line.1.32t-0,bus,,ptline
gtfs,32M,1 bus 32M,gtfs.line.1.32m-1,bus,,ptline
gtfs,32M,1 bus 32M,gtfs.line.1.32m-0,bus,,ptline
gtfs,32A,1 bus 32A,gtfs.line.1.32a-1,bus,,ptline
gtfs,32A,1 bus 32A,gtfs.line.1.32a-0,bus,,ptline
gtfs,320A,1 bus 320A,gtfs.line.1.320a-1,bus,,ptline
gtfs,320A,1 bus 320A,gtfs.line.1.320a-0,bus,,ptline
gtfs,320,1 bus 320,gtfs.line.1.320-1,bus,,ptline
gtfs,320,1 bus 320,gtfs.line.1.320-0,bus,,ptline
gtfs,32,1 bus 32,gtfs.line.1.32-1,bus,,ptline
gtfs,32,1 bus 32,gtfs.line.1.32-0,bus,,ptline
gtfs,31Y,1 bus 31Y,gtfs.line.1.31y-1,bus,,ptline
gtfs,31Y,1 bus 31Y,gtfs.line.1.31y-0,bus,,ptline
gtfs,31K,1 bus 31K,gtfs.line.1.31k-1,bus,,ptline
gtfs,31K,1 bus 31K,gtfs.line.1.31k-0,bus,,ptline
gtfs,31E,1 bus 31E,gtfs.line.1.31e-1,bus,,ptline
gtfs,31E,1 bus 31E,gtfs.line.1.31e-0,bus,,ptline
gtfs,319,1 bus 319,gtfs.line.1.319-1,bus,,ptline
gtfs,319,1 bus 319,gtfs.line.1.319-0,bus,,ptline
gtfs,31,1 bus 31,gtfs.line.1.31-1,bus,,ptline
gtfs,31,1 bus 31,gtfs.line.1.31-0,bus,,ptline
gtfs,30M,1 bus 30M,gtfs.line.1.30m-0,bus,,ptline
gtfs,30D,1 bus 30D,gtfs.line.1.30d-1,bus,,ptline
gtfs,30D,1 bus 30D,gtfs.line.1.30d-0,bus,,ptline
gtfs,30A,1 bus 30A,gtfs.line.1.30a-0,bus,,ptline
gtfs,303B,1 bus 303B,gtfs.line.1.303b-1,bus,,ptline
gtfs,303B,1 bus 303B,gtfs.line.1.303b-0,bus,,ptline
gtfs,303,1 bus 303,gtfs.line.1.303-1,bus,,ptline
gtfs,303,1 bus 303,gtfs.line.1.303-0,bus,,ptline
gtfs,3,1 bus 3,gtfs.line.1.3-1,bus,,ptline
gtfs,3,1 bus 3,gtfs.line.1.3-0,bus,,ptline
gtfs,29Ş,1 bus 29Ş,gtfs.line.1.29-0,bus,,ptline
gtfs,29T,1 bus 29T,gtfs.line.1.29t-1,bus,,ptline
gtfs,29T,1 bus 29T,gtfs.line.1.29t-0,bus,,ptline
gtfs,29P,1 bus 29P,gtfs.line.1.29p-0,bus,,ptline
gtfs,29M2,1 bus 29M2,gtfs.line.1.29m2-0,bus,,ptline
gtfs,29M1,1 bus 29M1,gtfs.line.1.29m1-0,bus,,ptline
gtfs,29GM,1 bus 29GM,gtfs.line.1.29gm-0,bus,,ptline
gtfs,29D,1 bus 29D,gtfs.line.1.29d-0,bus,,ptline
gtfs,29B,1 bus 29B,gtfs.line.1.29b-1,bus,,ptline
gtfs,29B,1 bus 29B,gtfs.line.1.29b-0,bus,,ptline
gtfs,29A,1 bus 29A,gtfs.line.1.29a-1,bus,,ptline
gtfs,29A,1 bus 29A,gtfs.line.1.29a-0,bus,,ptline
gtfs,E-3,1 bus E-3,gtfs.line.1.e3-1,bus,,ptline
gtfs,E-3,1 bus E-3,gtfs.line.1.e3-0,bus,,ptline
gtfs,E-2,1 bus E-2,gtfs.line.1.e2-1,bus,,ptline
gtfs,E-2,1 bus E-2,gtfs.line.1.e2-0,bus,,ptline
gtfs,E-10,1 bus E-10,gtfs.line.1.e10-1,bus,,ptline
gtfs,E-10,1 bus E-10,gtfs.line.1.e10-0,bus,,ptline
gtfs,DT2,1 bus DT2,gtfs.line.1.dt2-0,bus,,ptline
gtfs,DT1,1 bus DT1,gtfs.line.1.dt1-0,bus,,ptline
gtfs,9Ş,1 bus 9Ş,gtfs.line.1.9-1,bus,,ptline
gtfs,9Ş,1 bus 9Ş,gtfs.line.1.9-0,bus,,ptline
gtfs,9ÜD,1 bus 9ÜD,gtfs.line.1.9d-1,bus,,ptline
gtfs,9ÜD,1 bus 9ÜD,gtfs.line.1.9d-0,bus,,ptline
gtfs,9ÇN,1 bus 9ÇN,gtfs.line.1.9n-1,bus,,ptline
gtfs,9ÇN,1 bus 9ÇN,gtfs.line.1.9n-0,bus,,ptline
gtfs,9A,1 bus 9A,gtfs.line.1.9a-0,bus,,ptline
gtfs,99A,1 bus 99A,gtfs.line.1.99a-1,bus,,ptline
gtfs,99A,1 bus 99A,gtfs.line.1.99a-0,bus,,ptline
gtfs,99,1 bus 99,gtfs.line.1.99-1,bus,,ptline
gtfs,98İ,1 bus 98İ,gtfs.line.1.98-1,bus,,ptline
gtfs,28T,1 bus 28T,gtfs.line.1.28t-1,bus,,ptline
gtfs,28T,1 bus 28T,gtfs.line.1.28t-0,bus,,ptline
gtfs,28O,1 bus 28O,gtfs.line.1.28o-1,bus,,ptline
gtfs,28O,1 bus 28O,gtfs.line.1.28o-0,bus,,ptline
gtfs,28,1 bus 28,gtfs.line.1.28-1,bus,,ptline
gtfs,28,1 bus 28,gtfs.line.1.28-0,bus,,ptline
gtfs,27E,1 bus 27E,gtfs.line.1.27e-0,bus,,ptline
gtfs,26B,1 bus 26B,gtfs.line.1.26b-1,bus,,ptline
gtfs,26B,1 bus 26B,gtfs.line.1.26b-0,bus,,ptline
gtfs,26A,1 bus 26A,gtfs.line.1.26a-1,bus,,ptline
gtfs,26A,1 bus 26A,gtfs.line.1.26a-0,bus,,ptline
gtfs,26,1 bus 26,gtfs.line.1.26-1,bus,,ptline
gtfs,26,1 bus 26,gtfs.line.1.26-0,bus,,ptline
gtfs,25Y,1 bus 25Y,gtfs.line.1.25y-1,bus,,ptline
gtfs,25Y,1 bus 25Y,gtfs.line.1.25y-0,bus,,ptline
gtfs,25T,1 bus 25T,gtfs.line.1.25t-1,bus,,ptline
gtfs,25T,1 bus 25T,gtfs.line.1.25t-0,bus,,ptline
gtfs,25H,1 bus 25H,gtfs.line.1.25h-0,bus,,ptline
gtfs,25G,1 bus 25G,gtfs.line.1.25g-1,bus,,ptline
gtfs,25G,1 bus 25G,gtfs.line.1.25g-0,bus,,ptline
gtfs,25E,1 bus 25E,gtfs.line.1.25e-1,bus,,ptline
gtfs,25E,1 bus 25E,gtfs.line.1.25e-0,bus,,ptline
gtfs,25A,1 bus 25A,gtfs.line.1.25a-1,bus,,ptline
gtfs,25A,1 bus 25A,gtfs.line.1.25a-0,bus,,ptline
gtfs,256,1 bus 256,gtfs.line.1.256-1,bus,,ptline
gtfs,256,1 bus 256,gtfs.line.1.256-0,bus,,ptline
gtfs,16KH,1 bus 16KH,gtfs.line.1.16kh-1,bus,,ptline
gtfs,16KH,1 bus 16KH,gtfs.line.1.16kh-0,bus,,ptline
gtfs,16K,1 bus 16K,gtfs.line.1.16k-1,bus,,ptline
gtfs,16K,1 bus 16K,gtfs.line.1.16k-0,bus,,ptline
gtfs,16F,1 bus 16F,gtfs.line.1.16f-1,bus,,ptline
gtfs,16F,1 bus 16F,gtfs.line.1.16f-0,bus,,ptline
gtfs,16D,1 bus 16D,gtfs.line.1.16d-1,bus,,ptline
gtfs,16D,1 bus 16D,gtfs.line.1.16d-0,bus,,ptline
gtfs,16C,1 bus 16C,gtfs.line.1.16c-1,bus,,ptline
gtfs,16C,1 bus 16C,gtfs.line.1.16c-0,bus,,ptline
gtfs,16B,1 bus 16B,gtfs.line.1.16b-1,bus,,ptline
gtfs,16B,1 bus 16B,gtfs.line.1.16b-0,bus,,ptline
gtfs,16A,1 bus 16A,gtfs.line.1.16a-1,bus,,ptline
gtfs,16A,1 bus 16A,gtfs.line.1.16a-0,bus,,ptline
gtfs,16,1 bus 16,gtfs.line.1.16-1,bus,,ptline
gtfs,16,1 bus 16,gtfs.line.1.16-0,bus,,ptline
gtfs,15ŞN,1 bus 15ŞN,gtfs.line.1.15n-1,bus,,ptline
gtfs,15ŞN,1 bus 15ŞN,gtfs.line.1.15n-0,bus,,ptline
gtfs,15ÇK,1 bus 15ÇK,gtfs.line.1.15k-1,bus,,ptline
gtfs,15ÇK,1 bus 15ÇK,gtfs.line.1.15k-0,bus,,ptline
gtfs,15Y,1 bus 15Y,gtfs.line.1.15y-0,bus,,ptline
gtfs,15U,1 bus 15U,gtfs.line.1.15u-1,bus,,ptline
gtfs,15U,1 bus 15U,gtfs.line.1.15u-0,bus,,ptline
gtfs,15TY,1 bus 15TY,gtfs.line.1.15ty-1,bus,,ptline
gtfs,15TY,1 bus 15TY,gtfs.line.1.15ty-0,bus,,ptline
gtfs,15S,1 bus 15S,gtfs.line.1.15s-1,bus,,ptline
gtfs,15S,1 bus 15S,gtfs.line.1.15s-0,bus,,ptline
gtfs,15R,1 bus 15R,gtfs.line.1.15r-1,bus,,ptline
gtfs,15R,1 bus 15R,gtfs.line.1.15r-0,bus,,ptline
gtfs,15P,1 bus 15P,gtfs.line.1.15p-1,bus,,ptline
gtfs,15P,1 bus 15P,gtfs.line.1.15p-0,bus,,ptline
gtfs,15E,1 bus 15E,gtfs.line.1.15e-1,bus,,ptline
gtfs,15E,1 bus 15E,gtfs.line.1.15e-0,bus,,ptline
gtfs,15D,1 bus 15D,gtfs.line.1.15d-1,bus,,ptline
gtfs,15D,1 bus 15D,gtfs.line.1.15d-0,bus,,ptline
gtfs,15C,1 bus 15C,gtfs.line.1.15c-1,bus,,ptline
gtfs,15C,1 bus 15C,gtfs.line.1.15c-0,bus,,ptline
gtfs,15BK,1 bus 15BK,gtfs.line.1.15bk-1,bus,,ptline
gtfs,15BK,1 bus 15BK,gtfs.line.1.15bk-0,bus,,ptline
gtfs,15B,1 bus 15B,gtfs.line.1.15b-1,bus,,ptline
gtfs,15B,1 bus 15B,gtfs.line.1.15b-0,bus,,ptline
gtfs,15A,1 bus 15A,gtfs.line.1.15a-1,bus,,ptline
gtfs,15A,1 bus 15A,gtfs.line.1.15a-0,bus,,ptline
gtfs,153,1 bus 153,gtfs.line.1.153-1,bus,,ptline
gtfs,153,1 bus 153,gtfs.line.1.153-0,bus,,ptline
gtfs,152,1 bus 152,gtfs.line.1.152-1,bus,,ptline
gtfs,152,1 bus 152,gtfs.line.1.152-0,bus,,ptline
gtfs,151,1 bus 151,gtfs.line.1.151-1,bus,,ptline
gtfs,151,1 bus 151,gtfs.line.1.151-0,bus,,ptline
gtfs,150,1 bus 150,gtfs.line.1.150-1,bus,,ptline
gtfs,150,1 bus 150,gtfs.line.1.150-0,bus,,ptline
gtfs,15,1 bus 15,gtfs.line.1.15-1,bus,,ptline
gtfs,15,1 bus 15,gtfs.line.1.15-0,bus,,ptline
gtfs,14ŞB,1 bus 14ŞB,gtfs.line.1.14b-1,bus,,ptline
gtfs,14ŞB,1 bus 14ŞB,gtfs.line.1.14b-0,bus,,ptline
gtfs,14ÇK,1 bus 14ÇK,gtfs.line.1.14k-1,bus,,ptline
gtfs,14ÇK,1 bus 14ÇK,gtfs.line.1.14k-0,bus,,ptline
gtfs,14Y,1 bus 14Y,gtfs.line.1.14y-1,bus,,ptline
gtfs,14Y,1 bus 14Y,gtfs.line.1.14y-0,bus,,ptline
gtfs,14S,1 bus 14S,gtfs.line.1.14s-1,bus,,ptline
gtfs,14S,1 bus 14S,gtfs.line.1.14s-0,bus,,ptline
gtfs,14R,1 bus 14R,gtfs.line.1.14r-1,bus,,ptline
gtfs,14R,1 bus 14R,gtfs.line.1.14r-0,bus,,ptline
gtfs,14M,1 bus 14M,gtfs.line.1.14m-1,bus,,ptline
gtfs,14M,1 bus 14M,gtfs.line.1.14m-0,bus,,ptline
gtfs,14KS,1 bus 14KS,gtfs.line.1.14ks-1,bus,,ptline
gtfs,14KS,1 bus 14KS,gtfs.line.1.14ks-0,bus,,ptline
gtfs,14F,1 bus 14F,gtfs.line.1.14f-1,bus,,ptline
gtfs,14F,1 bus 14F,gtfs.line.1.14f-0,bus,,ptline
gtfs,14ES,1 bus 14ES,gtfs.line.1.14es-1,bus,,ptline
gtfs,14E,1 bus 14E,gtfs.line.1.14e-1,bus,,ptline
gtfs,14E,1 bus 14E,gtfs.line.1.14e-0,bus,,ptline
gtfs,14DK,1 bus 14DK,gtfs.line.1.14dk-1,bus,,ptline
gtfs,14DK,1 bus 14DK,gtfs.line.1.14dk-0,bus,,ptline
gtfs,14D,1 bus 14D,gtfs.line.1.14d-1,bus,,ptline
gtfs,14D,1 bus 14D,gtfs.line.1.14d-0,bus,,ptline
gtfs,14C,1 bus 14C,gtfs.line.1.14c-1,bus,,ptline
gtfs,14C,1 bus 14C,gtfs.line.1.14c-0,bus,,ptline
gtfs,14BK,1 bus 14BK,gtfs.line.1.14bk-1,bus,,ptline
gtfs,14BK,1 bus 14BK,gtfs.line.1.14bk-0,bus,,ptline
gtfs,14AK,1 bus 14AK,gtfs.line.1.14ak-1,bus,,ptline
gtfs,14A,1 bus 14A,gtfs.line.1.14a-1,bus,,ptline
gtfs,14A,1 bus 14A,gtfs.line.1.14a-0,bus,,ptline
gtfs,147,1 bus 147,gtfs.line.1.147-1,bus,,ptline
gtfs,147,1 bus 147,gtfs.line.1.147-0,bus,,ptline
gtfs,146T,1 bus 146T,gtfs.line.1.146t-1,bus,,ptline
gtfs,146T,1 bus 146T,gtfs.line.1.146t-0,bus,,ptline
gtfs,146M,1 bus 146M,gtfs.line.1.146m-1,bus,,ptline
gtfs,146M,1 bus 146M,gtfs.line.1.146m-0,bus,,ptline
gtfs,146B,1 bus 146B,gtfs.line.1.146b-1,bus,,ptline
gtfs,146B,1 bus 146B,gtfs.line.1.146b-0,bus,,ptline
gtfs,146,1 bus 146,gtfs.line.1.146-1,bus,,ptline
gtfs,146,1 bus 146,gtfs.line.1.146-0,bus,,ptline
gtfs,145T,1 bus 145T,gtfs.line.1.145t-1,bus,,ptline
gtfs,145T,1 bus 145T,gtfs.line.1.145t-0,bus,,ptline
gtfs,145M,1 bus 145M,gtfs.line.1.145m-1,bus,,ptline
gtfs,145M,1 bus 145M,gtfs.line.1.145m-0,bus,,ptline
gtfs,145,1 bus 145,gtfs.line.1.145-1,bus,,ptline
gtfs,145,1 bus 145,gtfs.line.1.145-0,bus,,ptline
gtfs,143,1 bus 143,gtfs.line.1.143-1,bus,,ptline
gtfs,143,1 bus 143,gtfs.line.1.143-0,bus,,ptline
gtfs,142F,1 bus 142F,gtfs.line.1.142f-1,bus,,ptline
gtfs,142F,1 bus 142F,gtfs.line.1.142f-0,bus,,ptline
gtfs,142A,1 bus 142A,gtfs.line.1.142a-1,bus,,ptline
gtfs,142A,1 bus 142A,gtfs.line.1.142a-0,bus,,ptline
gtfs,142,1 bus 142,gtfs.line.1.142-1,bus,,ptline
gtfs,142,1 bus 142,gtfs.line.1.142-0,bus,,ptline
gtfs,14,1 bus 14,gtfs.line.1.14-1,bus,,ptline
gtfs,14,1 bus 14,gtfs.line.1.14-0,bus,,ptline
gtfs,13B,1 bus 13B,gtfs.line.1.13b-1,bus,,ptline
gtfs,13B,1 bus 13B,gtfs.line.1.13b-0,bus,,ptline
gtfs,13AB,1 bus 13AB,gtfs.line.1.13ab-1,bus,,ptline
gtfs,13AB,1 bus 13AB,gtfs.line.1.13ab-0,bus,,ptline
gtfs,139T,1 bus 139T,gtfs.line.1.139t-1,bus,,ptline
gtfs,139T,1 bus 139T,gtfs.line.1.139t-0,bus,,ptline
gtfs,139A,1 bus 139A,gtfs.line.1.139a-1,bus,,ptline
gtfs,139A,1 bus 139A,gtfs.line.1.139a-0,bus,,ptline
gtfs,139,1 bus 139,gtfs.line.1.139-1,bus,,ptline
gtfs,139,1 bus 139,gtfs.line.1.139-0,bus,,ptline
gtfs,138,1 bus 138,gtfs.line.1.138-1,bus,,ptline
gtfs,138,1 bus 138,gtfs.line.1.138-0,bus,,ptline
gtfs,137,1 bus 137,gtfs.line.1.137-1,bus,,ptline
gtfs,137,1 bus 137,gtfs.line.1.137-0,bus,,ptline
gtfs,136,1 bus 136,gtfs.line.1.136-1,bus,,ptline
gtfs,136,1 bus 136,gtfs.line.1.136-0,bus,,ptline
gtfs,135K,1 bus 135K,gtfs.line.1.135k-1,bus,,ptline
gtfs,135K,1 bus 135K,gtfs.line.1.135k-0,bus,,ptline
gtfs,135G,1 bus 135G,gtfs.line.1.135g-1,bus,,ptline
gtfs,135G,1 bus 135G,gtfs.line.1.135g-0,bus,,ptline
gtfs,135A,1 bus 135A,gtfs.line.1.135a-1,bus,,ptline
gtfs,135A,1 bus 135A,gtfs.line.1.135a-0,bus,,ptline
gtfs,135,1 bus 135,gtfs.line.1.135-1,bus,,ptline
gtfs,135,1 bus 135,gtfs.line.1.135-0,bus,,ptline
gtfs,134YK,1 bus 134YK,gtfs.line.1.134yk-1,bus,,ptline
gtfs,134YK,1 bus 134YK,gtfs.line.1.134yk-0,bus,,ptline
gtfs,134UK,1 bus 134UK,gtfs.line.1.134uk-1,bus,,ptline
gtfs,134UK,1 bus 134UK,gtfs.line.1.134uk-0,bus,,ptline
gtfs,134GK,1 bus 134GK,gtfs.line.1.134gk-1,bus,,ptline
gtfs,134GK,1 bus 134GK,gtfs.line.1.134gk-0,bus,,ptline
gtfs,134DK,1 bus 134DK,gtfs.line.1.134dk-1,bus,,ptline
gtfs,134DK,1 bus 134DK,gtfs.line.1.134dk-0,bus,,ptline
gtfs,134CK,1 bus 134CK,gtfs.line.1.134ck-1,bus,,ptline
gtfs,134CK,1 bus 134CK,gtfs.line.1.134ck-0,bus,,ptline
gtfs,134BK,1 bus 134BK,gtfs.line.1.134bk-1,bus,,ptline
gtfs,134BK,1 bus 134BK,gtfs.line.1.134bk-0,bus,,ptline
gtfs,134,1 bus 134,gtfs.line.1.134-1,bus,,ptline
gtfs,134,1 bus 134,gtfs.line.1.134-0,bus,,ptline
gtfs,133Ş,1 bus 133Ş,gtfs.line.1.133-1,bus,,ptline
gtfs,133Ş,1 bus 133Ş,gtfs.line.1.133-0,bus,,ptline
gtfs,133TK,1 bus 133TK,gtfs.line.1.133tk-1,bus,,ptline
gtfs,133TK,1 bus 133TK,gtfs.line.1.133tk-0,bus,,ptline
gtfs,133T,1 bus 133T,gtfs.line.1.133t-1,bus,,ptline
gtfs,133T,1 bus 133T,gtfs.line.1.133t-0,bus,,ptline
gtfs,133P,1 bus 133P,gtfs.line.1.133p-1,bus,,ptline
gtfs,133P,1 bus 133P,gtfs.line.1.133p-0,bus,,ptline
gtfs,133M,1 bus 133M,gtfs.line.1.133m-1,bus,,ptline
gtfs,133M,1 bus 133M,gtfs.line.1.133m-0,bus,,ptline
gtfs,133K,1 bus 133K,gtfs.line.1.133k-1,bus,,ptline
gtfs,133K,1 bus 133K,gtfs.line.1.133k-0,bus,,ptline
gtfs,133GP,1 bus 133GP,gtfs.line.1.133gp-1,bus,,ptline
gtfs,133GP,1 bus 133GP,gtfs.line.1.133gp-0,bus,,ptline
gtfs,133G,1 bus 133G,gtfs.line.1.133g-1,bus,,ptline
gtfs,133G,1 bus 133G,gtfs.line.1.133g-0,bus,,ptline
gtfs,133F,1 bus 133F,gtfs.line.1.133f-1,bus,,ptline
gtfs,133F,1 bus 133F,gtfs.line.1.133f-0,bus,,ptline
gtfs,133AK,1 bus 133AK,gtfs.line.1.133ak-1,bus,,ptline
gtfs,133AK,1 bus 133AK,gtfs.line.1.133ak-0,bus,,ptline
gtfs,133A,1 bus 133A,gtfs.line.1.133a-1,bus,,ptline
gtfs,133A,1 bus 133A,gtfs.line.1.133a-0,bus,,ptline
gtfs,132V,1 bus 132V,gtfs.line.1.132v-0,bus,,ptline
gtfs,132S,1 bus 132S,gtfs.line.1.132s-0,bus,,ptline
gtfs,132P,1 bus 132P,gtfs.line.1.132p-1,bus,,ptline
gtfs,132P,1 bus 132P,gtfs.line.1.132p-0,bus,,ptline
gtfs,132K,1 bus 132K,gtfs.line.1.132k-1,bus,,ptline
gtfs,132K,1 bus 132K,gtfs.line.1.132k-0,bus,,ptline
gtfs,132F,1 bus 132F,gtfs.line.1.132f-1,bus,,ptline
gtfs,132F,1 bus 132F,gtfs.line.1.132f-0,bus,,ptline
gtfs,M2B,2 subway M2B,gtfs.line.2.m2b-1,subway,,ptline
gtfs,59C,1 bus 59C,gtfs.line.1.59c-0,bus,,ptline
gtfs,59B,1 bus 59B,gtfs.line.1.59b-0,bus,,ptline
gtfs,59A,1 bus 59A,gtfs.line.1.59a-0,bus,,ptline
gtfs,58S,1 bus 58S,gtfs.line.1.58s-0,bus,,ptline
gtfs,57UL,1 bus 57UL,gtfs.line.1.57ul-1,bus,,ptline
gtfs,57UL,1 bus 57UL,gtfs.line.1.57ul-0,bus,,ptline
gtfs,55Y,1 bus 55Y,gtfs.line.1.55y-1,bus,,ptline
gtfs,55Y,1 bus 55Y,gtfs.line.1.55y-0,bus,,ptline
gtfs,55T,1 bus 55T,gtfs.line.1.55t-0,bus,,ptline
gtfs,55M,1 bus 55M,gtfs.line.1.55m-0,bus,,ptline
gtfs,55ET,1 bus 55ET,gtfs.line.1.55et-1,bus,,ptline
gtfs,55ET,1 bus 55ET,gtfs.line.1.55et-0,bus,,ptline
gtfs,559C,1 bus 559C,gtfs.line.1.559c-1,bus,,ptline
gtfs,559C,1 bus 559C,gtfs.line.1.559c-0,bus,,ptline
gtfs,55,1 bus 55,gtfs.line.1.55-0,bus,,ptline
gtfs,54ÖR,1 bus 54ÖR,gtfs.line.1.54r-1,bus,,ptline
gtfs,54ÖR,1 bus 54ÖR,gtfs.line.1.54r-0,bus,,ptline
gtfs,54Ç,1 bus 54Ç,gtfs.line.1.54-1,bus,,ptline
gtfs,54Ç,1 bus 54Ç,gtfs.line.1.54-0,bus,,ptline
gtfs,54KT,1 bus 54KT,gtfs.line.1.54kt-0,bus,,ptline
gtfs,54K,1 bus 54K,gtfs.line.1.54k-1,bus,,ptline
gtfs,54K,1 bus 54K,gtfs.line.1.54k-0,bus,,ptline
gtfs,54HŞ,1 bus 54HŞ,gtfs.line.1.54h-0,bus,,ptline
gtfs,54HT,1 bus 54HT,gtfs.line.1.54ht-0,bus,,ptline
gtfs,54E,1 bus 54E,gtfs.line.1.54e-1,bus,,ptline
gtfs,54E,1 bus 54E,gtfs.line.1.54e-0,bus,,ptline
gtfs,522ST,1 bus 522ST,gtfs.line.1.522st-1,bus,,ptline
gtfs,522ST,1 bus 522ST,gtfs.line.1.522st-0,bus,,ptline
gtfs,522B,1 bus 522B,gtfs.line.1.522b-1,bus,,ptline
gtfs,522B,1 bus 522B,gtfs.line.1.522b-0,bus,,ptline
gtfs,522,1 bus 522,gtfs.line.1.522-1,bus,,ptline
gtfs,522,1 bus 522,gtfs.line.1.522-0,bus,,ptline
gtfs,52,1 bus 52,gtfs.line.1.52-1,bus,,ptline
gtfs,52,1 bus 52,gtfs.line.1.52-0,bus,,ptline
gtfs,500T,1 bus 500T,gtfs.line.1.500t-1,bus,,ptline
gtfs,500T,1 bus 500T,gtfs.line.1.500t-0,bus,,ptline
gtfs,500L,1 bus 500L,gtfs.line.1.500l-0,bus,,ptline
gtfs,500ES,1 bus 500ES,gtfs.line.1.500es-1,bus,,ptline
gtfs,500ES,1 bus 500ES,gtfs.line.1.500es-0,bus,,ptline
gtfs,500A,1 bus 500A,gtfs.line.1.500a-1,bus,,ptline
gtfs,500A,1 bus 500A,gtfs.line.1.500a-0,bus,,ptline
gtfs,49Y,1 bus 49Y,gtfs.line.1.49y-0,bus,,ptline
gtfs,49G,1 bus 49G,gtfs.line.1.49g-1,bus,,ptline
gtfs,49G,1 bus 49G,gtfs.line.1.49g-0,bus,,ptline
gtfs,49B,1 bus 49B,gtfs.line.1.49b-0,bus,,ptline
gtfs,49A,1 bus 49A,gtfs.line.1.49a-0,bus,,ptline
gtfs,48T,1 bus 48T,gtfs.line.1.48t-1,bus,,ptline
gtfs,48T,1 bus 48T,gtfs.line.1.48t-0,bus,,ptline
gtfs,48N,1 bus 48N,gtfs.line.1.48n-1,bus,,ptline
gtfs,48N,1 bus 48N,gtfs.line.1.48n-0,bus,,ptline
gtfs,48H,1 bus 48H,gtfs.line.1.48h-0,bus,,ptline
gtfs,48B,1 bus 48B,gtfs.line.1.48b-0,bus,,ptline
gtfs,48A,1 bus 48A,gtfs.line.1.48a-1,bus,,ptline
gtfs,48A,1 bus 48A,gtfs.line.1.48a-0,bus,,ptline
gtfs,48,1 bus 48,gtfs.line.1.48-1,bus,,ptline
gtfs,48,1 bus 48,gtfs.line.1.48-0,bus,,ptline
gtfs,47Ç,1 bus 47Ç,gtfs.line.1.47-1,bus,,ptline
gtfs,47Ç,1 bus 47Ç,gtfs.line.1.47-0,bus,,ptline
gtfs,47E,1 bus 47E,gtfs.line.1.47e-1,bus,,ptline
gtfs,46Ç,1 bus 46Ç,gtfs.line.1.46-1,bus,,ptline
gtfs,458,1 bus 458,gtfs.line.1.458-1,bus,,ptline
gtfs,44B,1 bus 44B,gtfs.line.1.44b-1,bus,,ptline
gtfs,44B,1 bus 44B,gtfs.line.1.44b-0,bus,,ptline
gtfs,448,1 bus 448,gtfs.line.1.448-1,bus,,ptline
gtfs,448,1 bus 448,gtfs.line.1.448-0,bus,,ptline
gtfs,43,1 bus 43,gtfs.line.1.43-1,bus,,ptline
gtfs,43,1 bus 43,gtfs.line.1.43-0,bus,,ptline
gtfs,M2B,2 subway M2B,gtfs.line.2.m2b-0,subway,,ptline
gtfs,M2A,2 subway M2A,gtfs.line.2.m2a-1,subway,,ptline
gtfs,M2A,2 subway M2A,gtfs.line.2.m2a-0,subway,,ptline
gtfs,F1,2 tram F1,gtfs.line.2.f1-1,tram,,ptline
gtfs,T4,2 tram T4,gtfs.line.2.t4-1,tram,,ptline
gtfs,T4,2 tram T4,gtfs.line.2.t4-0,tram,,ptline
gtfs,T1,2 tram T1,gtfs.line.2.t1-1,tram,,ptline
gtfs,T1,2 tram T1,gtfs.line.2.t1-0,tram,,ptline
gtfs,M4,2 subway M4,gtfs.line.2.m4-1,subway,,ptline
gtfs,M4,2 subway M4,gtfs.line.2.m4-0,subway,,ptline
gtfs,M3,2 subway M3,gtfs.line.2.m3-1,subway,,ptline
gtfs,M3,2 subway M3,gtfs.line.2.m3-0,subway,,ptline
gtfs,M2,2 subway M2,gtfs.line.2.m2-1,subway,,ptline
gtfs,M2,2 subway M2,gtfs.line.2.m2-0,subway,,ptline
gtfs,M1A,2 subway M1A,gtfs.line.2.m1a-1,subway,,ptline
gtfs,M1A,2 subway M1A,gtfs.line.2.m1a-0,subway,,ptline
gtfs,,5 ferry KBT - BYK,gtfs.line.5.kbtbyk-1,ferry,KBT - BYK,ptline
gtfs,KDY-KBT,5 ferry KDY-KBT,gtfs.line.5.kdykbt-1,ferry,,ptline
gtfs,KDY-KBT,5 ferry KDY-KBT,gtfs.line.5.kdykbt-0,ferry,,ptline
gtfs,9A,1 bus 9A,gtfs.line.1.9a-1,bus,,ptline
gtfs,77A,1 bus 77A,gtfs.line.1.77a-1,bus,,ptline
gtfs,61B,1 bus 61B,gtfs.line.1.61b-0,bus,,ptline
gtfs,252,1 bus 252,gtfs.line.1.252-1,bus,,ptline
gtfs,252,1 bus 252,gtfs.line.1.252-0,bus,,ptline
gtfs,251,1 bus 251,gtfs.line.1.251-1,bus,,ptline
gtfs,251,1 bus 251,gtfs.line.1.251-0,bus,,ptline
gtfs,222,1 bus 222,gtfs.line.1.222-1,bus,,ptline
gtfs,222,1 bus 222,gtfs.line.1.222-0,bus,,ptline
gtfs,22,1 bus 22,gtfs.line.1.22-1,bus,,ptline
gtfs,22,1 bus 22,gtfs.line.1.22-0,bus,,ptline
gtfs,21Y,1 bus 21Y,gtfs.line.1.21y-1,bus,,ptline
gtfs,21Y,1 bus 21Y,gtfs.line.1.21y-0,bus,,ptline
gtfs,21U,1 bus 21U,gtfs.line.1.21u-1,bus,,ptline
gtfs,21U,1 bus 21U,gtfs.line.1.21u-0,bus,,ptline
gtfs,21K,1 bus 21K,gtfs.line.1.21k-1,bus,,ptline
gtfs,21K,1 bus 21K,gtfs.line.1.21k-0,bus,,ptline
gtfs,21G,1 bus 21G,gtfs.line.1.21g-1,bus,,ptline
gtfs,21G,1 bus 21G,gtfs.line.1.21g-0,bus,,ptline
gtfs,21C,1 bus 21C,gtfs.line.1.21c-1,bus,,ptline
gtfs,21C,1 bus 21C,gtfs.line.1.21c-0,bus,,ptline
gtfs,21B,1 bus 21B,gtfs.line.1.21b-1,bus,,ptline
gtfs,21B,1 bus 21B,gtfs.line.1.21b-0,bus,,ptline
gtfs,21A,1 bus 21A,gtfs.line.1.21a-1,bus,,ptline
gtfs,21A,1 bus 21A,gtfs.line.1.21a-0,bus,,ptline
gtfs,20Ü,1 bus 20Ü,gtfs.line.1.20-1,bus,,ptline
gtfs,20Ü,1 bus 20Ü,gtfs.line.1.20-0,bus,,ptline
gtfs,20K,1 bus 20K,gtfs.line.1.20k-1,bus,,ptline
gtfs,20K,1 bus 20K,gtfs.line.1.20k-0,bus,,ptline
gtfs,20E,1 bus 20E,gtfs.line.1.20e-1,bus,,ptline
gtfs,20E,1 bus 20E,gtfs.line.1.20e-0,bus,,ptline
gtfs,20D,1 bus 20D,gtfs.line.1.20d-1,bus,,ptline
gtfs,20D,1 bus 20D,gtfs.line.1.20d-0,bus,,ptline
gtfs,202,1 bus 202,gtfs.line.1.202-1,bus,,ptline
gtfs,202,1 bus 202,gtfs.line.1.202-0,bus,,ptline
gtfs,2,1 bus 2,gtfs.line.1.2-1,bus,,ptline
gtfs,2,1 bus 2,gtfs.line.1.2-0,bus,,ptline
gtfs,19Z,1 bus 19Z,gtfs.line.1.19z-1,bus,,ptline
gtfs,19Z,1 bus 19Z,gtfs.line.1.19z-0,bus,,ptline
gtfs,19Y,1 bus 19Y,gtfs.line.1.19y-1,bus,,ptline
gtfs,19Y,1 bus 19Y,gtfs.line.1.19y-0,bus,,ptline
gtfs,19V,1 bus 19V,gtfs.line.1.19v-1,bus,,ptline
gtfs,19V,1 bus 19V,gtfs.line.1.19v-0,bus,,ptline
gtfs,19T,1 bus 19T,gtfs.line.1.19t-1,bus,,ptline
gtfs,19T,1 bus 19T,gtfs.line.1.19t-0,bus,,ptline
gtfs,19SB,1 bus 19SB,gtfs.line.1.19sb-1,bus,,ptline
gtfs,19SB,1 bus 19SB,gtfs.line.1.19sb-0,bus,,ptline
gtfs,19S,1 bus 19S,gtfs.line.1.19s-1,bus,,ptline
gtfs,19S,1 bus 19S,gtfs.line.1.19s-0,bus,,ptline
gtfs,19M,1 bus 19M,gtfs.line.1.19m-1,bus,,ptline
gtfs,19M,1 bus 19M,gtfs.line.1.19m-0,bus,,ptline
gtfs,19F,1 bus 19F,gtfs.line.1.19f-1,bus,,ptline
gtfs,19F,1 bus 19F,gtfs.line.1.19f-0,bus,,ptline
gtfs,19ES,1 bus 19ES,gtfs.line.1.19es-1,bus,,ptline
gtfs,19ES,1 bus 19ES,gtfs.line.1.19es-0,bus,,ptline
gtfs,19E,1 bus 19E,gtfs.line.1.19e-1,bus,,ptline
gtfs,19E,1 bus 19E,gtfs.line.1.19e-0,bus,,ptline
gtfs,19D,1 bus 19D,gtfs.line.1.19d-1,bus,,ptline
gtfs,19D,1 bus 19D,gtfs.line.1.19d-0,bus,,ptline
gtfs,19B,1 bus 19B,gtfs.line.1.19b-1,bus,,ptline
gtfs,19B,1 bus 19B,gtfs.line.1.19b-0,bus,,ptline
gtfs,19,1 bus 19,gtfs.line.1.19-1,bus,,ptline
gtfs,19,1 bus 19,gtfs.line.1.19-0,bus,,ptline
gtfs,18Ü,1 bus 18Ü,gtfs.line.1.18-1,bus,,ptline
gtfs,18Ü,1 bus 18Ü,gtfs.line.1.18-0,bus,,ptline
gtfs,18S,1 bus 18S,gtfs.line.1.18s-1,bus,,ptline
gtfs,18S,1 bus 18S,gtfs.line.1.18s-0,bus,,ptline
gtfs,18M,1 bus 18M,gtfs.line.1.18m-1,bus,,ptline
gtfs,18M,1 bus 18M,gtfs.line.1.18m-0,bus,,ptline
gtfs,18K,1 bus 18K,gtfs.line.1.18k-1,bus,,ptline
gtfs,18K,1 bus 18K,gtfs.line.1.18k-0,bus,,ptline
gtfs,18H,1 bus 18H,gtfs.line.1.18h-1,bus,,ptline
gtfs,18H,1 bus 18H,gtfs.line.1.18h-0,bus,,ptline
gtfs,17S,1 bus 17S,gtfs.line.1.17s-1,bus,,ptline
gtfs,17S,1 bus 17S,gtfs.line.1.17s-0,bus,,ptline
gtfs,17L,1 bus 17L,gtfs.line.1.17l-1,bus,,ptline
gtfs,17L,1 bus 17L,gtfs.line.1.17l-0,bus,,ptline
gtfs,17K,1 bus 17K,gtfs.line.1.17k-1,bus,,ptline
gtfs,17K,1 bus 17K,gtfs.line.1.17k-0,bus,,ptline
gtfs,17,1 bus 17,gtfs.line.1.17-1,bus,,ptline
gtfs,17,1 bus 17,gtfs.line.1.17-0,bus,,ptline
gtfs,16Y,1 bus 16Y,gtfs.line.1.16y-1,bus,,ptline
gtfs,16Y,1 bus 16Y,gtfs.line.1.16y-0,bus,,ptline
gtfs,16U,1 bus 16U,gtfs.line.1.16u-1,bus,,ptline
gtfs,16U,1 bus 16U,gtfs.line.1.16u-0,bus,,ptline
gtfs,16S,1 bus 16S,gtfs.line.1.16s-1,bus,,ptline
gtfs,16S,1 bus 16S,gtfs.line.1.16s-0,bus,,ptline
gtfs,16M,1 bus 16M,gtfs.line.1.16m-0,bus,,ptline
gtfs,46Ç,1 bus 46Ç,gtfs.line.1.46-0,bus,,ptline
gtfs,458,1 bus 458,gtfs.line.1.458-0,bus,,ptline
gtfs,35A,1 bus 35A,gtfs.line.1.35a-0,bus,,ptline
gtfs,15M,1 bus 15M,gtfs.line.1.15m-1,bus,,ptline
gtfs,15M,1 bus 15M,gtfs.line.1.15m-0,bus,,ptline
gtfs,15F,1 bus 15F,gtfs.line.1.15f-0,bus,,ptline
gtfs,132V,1 bus 132V,gtfs.line.1.132v-1,bus,,ptline
gtfs,,5 ferry BYB - EMN,gtfs.line.5.bybemn-1,ferry,BYB - EMN,ptline
gtfs,EMN-ARN,5 ferry EMN-ARN,gtfs.line.5.emnarn-0,ferry,,ptline
gtfs,EMN-CNG,5 ferry EMN-CNG,gtfs.line.5.emncng-1,ferry,,ptline
gtfs,KCS-IST,5 ferry KCS-IST,gtfs.line.5.kcsist-1,ferry,,ptline
gtfs,KCS-BSK,5 ferry KCS-BSK,gtfs.line.5.kcsbsk-0,ferry,,ptline
gtfs,BGZ,5 ferry BGZ,gtfs.line.5.bgz-0,ferry,,ptline
gtfs,99,1 bus 99,gtfs.line.1.99-0,bus,,ptline
gtfs,98B,1 bus 98B,gtfs.line.1.98b-0,bus,,ptline
gtfs,98A,1 bus 98A,gtfs.line.1.98a-1,bus,,ptline
gtfs,98A,1 bus 98A,gtfs.line.1.98a-0,bus,,ptline
gtfs,92B,1 bus 92B,gtfs.line.1.92b-1,bus,,ptline
gtfs,92B,1 bus 92B,gtfs.line.1.92b-0,bus,,ptline
gtfs,88A,1 bus 88A,gtfs.line.1.88a-0,bus,,ptline
gtfs,88,1 bus 88,gtfs.line.1.88-1,bus,,ptline
gtfs,88,1 bus 88,gtfs.line.1.88-0,bus,,ptline
gtfs,85C,1 bus 85C,gtfs.line.1.85c-0,bus,,ptline
gtfs,77MT,1 bus 77MT,gtfs.line.1.77mt-0,bus,,ptline
gtfs,76T,1 bus 76T,gtfs.line.1.76t-0,bus,,ptline
gtfs,47E,1 bus 47E,gtfs.line.1.47e-0,bus,,ptline
gtfs,46ÇY,1 bus 46ÇY,gtfs.line.1.46y-1,bus,,ptline
gtfs,46ÇY,1 bus 46ÇY,gtfs.line.1.46y-0,bus,,ptline
gtfs,HT5,1 bus HT5,gtfs.line.1.ht5-1,bus,,ptline
gtfs,36AY,1 bus 36AY,gtfs.line.1.36ay-1,bus,,ptline
gtfs,29GM,1 bus 29GM,gtfs.line.1.29gm-1,bus,,ptline
gtfs,27T,1 bus 27T,gtfs.line.1.27t-0,bus,,ptline
gtfs,16M,1 bus 16M,gtfs.line.1.16m-1,bus,,ptline
gtfs,15H,1 bus 15H,gtfs.line.1.15h-0,bus,,ptline
gtfs,15F,1 bus 15F,gtfs.line.1.15f-1,bus,,ptline
gtfs,14ES,1 bus 14ES,gtfs.line.1.14es-0,bus,,ptline
gtfs,14AK,1 bus 14AK,gtfs.line.1.14ak-0,bus,,ptline
gtfs,132S,1 bus 132S,gtfs.line.1.132s-1,bus,,ptline
gtfs,F1,2 tram F1,gtfs.line.2.f1-0,tram,,ptline
